Mes;dia;Provincia;TotalVales;TotalEntregados;TotalCancelados;TotalIncidencias;TotalDevoluciones
Mayo;30;Sevilla;2;1;1;0;0
Junio;9;Granada;2;2;0;0;0
Junio;10;Sevilla;3;0;0;3;0
Junio;14;Granada;1;1;0;0;0
Junio;17;Granada;1;1;0;0;0
Junio;18;Granada;2;2;0;0;0
Junio;20;Granada;1;1;0;0;0
Junio;20;Sevilla;2;1;1;0;0
Junio;21;Granada;1;1;0;0;0
Junio;21;Sevilla;3;0;3;0;0
Junio;22;Sevilla;12;2;6;4;0
Junio;22;Sevilla;2;1;1;0;0
Junio;23;Sevilla;1;1;0;0;0
Junio;23;Granada;1;1;0;0;0
Junio;24;Granada;3;3;0;0;0
Junio;24;Sevilla;2;2;0;0;0
Junio;27;Granada;1;1;0;0;0
Junio;27;Sevilla;3;3;0;0;0
Junio;28;Sevilla;4;3;1;0;0
Junio;28;Granada;1;1;0;0;0
Junio;29;Sevilla;2;2;0;0;0
Junio;29;Granada;1;1;0;0;0
Junio;30;Sevilla;2;2;0;0;0
Junio;30;Sevilla;1;1;0;0;0
Julio;1;Granada;1;0;1;0;0
Julio;1;Sevilla;2;2;0;0;0
Julio;4;Sevilla;1;1;0;0;0
Julio;5;Sevilla;1;1;0;0;0
Julio;5;Sevilla;3;3;0;0;0
Julio;5;Sevilla;2;1;0;1;0
Julio;5;Sevilla;2;1;0;1;0
Julio;6;Sevilla;1;1;0;0;0
Julio;6;Sevilla;2;1;0;1;0
Julio;6;Sevilla;1;1;0;0;0
Julio;6;Sevilla;1;1;0;0;0
Julio;7;Sevilla;3;3;0;0;0
Julio;8;Sevilla;1;1;0;0;0
Julio;8;Sevilla;1;1;0;0;0
Julio;11;Granada;1;1;0;0;0
Julio;11;Sevilla;2;2;0;0;0
Julio;12;Sevilla;1;1;0;0;0
Julio;13;Sevilla;1;1;0;0;0
Julio;13;Sevilla;1;1;0;0;0
Julio;13;Granada;4;4;0;0;0
Julio;14;Sevilla;1;1;0;0;0
Julio;14;Sevilla;1;1;0;0;0
Julio;16;Sevilla;1;0;0;1;0
Julio;16;Sevilla;1;1;0;0;0
Julio;18;Sevilla;1;0;1;0;0
Julio;19;Sevilla;6;6;0;0;0
Julio;19;Granada;1;1;0;0;0
Julio;20;Granada;1;1;0;0;0
Julio;21;Granada;2;2;0;0;0
Julio;21;Sevilla;1;1;0;0;0
Julio;22;Sevilla;1;1;0;0;0
Julio;23;Granada;1;1;0;0;0
Julio;25;Granada;2;2;0;0;0
Julio;25;Sevilla;1;1;0;0;0
Julio;26;Sevilla;1;1;0;0;0
Julio;26;Granada;1;1;0;0;0
Julio;27;Sevilla;1;1;0;0;0
Julio;27;Sevilla;1;1;0;0;0
Julio;27;Sevilla;1;1;0;0;0
Julio;27;Sevilla;2;2;0;0;0
Julio;27;Sevilla;2;2;0;0;0
Julio;28;Sevilla;2;2;0;0;0
Julio;28;Sevilla;1;1;0;0;0
Julio;28;Sevilla;1;1;0;0;0
Julio;28;Sevilla;3;3;0;0;0
Julio;28;Sevilla;1;1;0;0;0
Julio;28;Sevilla;2;2;0;0;0
Julio;28;Granada;1;1;0;0;0
Julio;29;Sevilla;4;3;1;0;0
Julio;29;Sevilla;3;0;1;2;0
Julio;29;Sevilla;1;1;0;0;0
Julio;29;Sevilla;1;1;0;0;0
Julio;29;Sevilla;2;2;0;0;0
Julio;29;Sevilla;3;3;0;0;0
Julio;29;Sevilla;2;1;1;0;0
Julio;29;Sevilla;1;1;0;0;0
Julio;29;Huelva;2;1;1;0;0
Julio;30;Sevilla;2;2;0;0;0
Julio;30;Sevilla;1;1;0;0;0
Julio;30;Sevilla;1;1;0;0;0
Agosto;1;Huelva;1;0;1;0;0
Agosto;1;Sevilla;1;1;0;0;0
Agosto;1;Sevilla;2;2;0;0;0
Agosto;1;Sevilla;1;1;0;0;0
Agosto;1;Sevilla;2;0;1;1;0
Agosto;1;Sevilla;1;1;0;0;0
Agosto;2;Huelva;1;0;1;0;0
Agosto;2;Sevilla;1;1;0;0;0
Agosto;2;Sevilla;11;0;6;5;0
Agosto;2;Sevilla;1;0;1;0;0
Agosto;2;Sevilla;1;1;0;0;0
Agosto;2;Sevilla;1;1;0;0;0
Agosto;2;Sevilla;1;0;1;0;0
Agosto;2;Granada;2;2;0;0;0
Agosto;3;Huelva;6;0;6;0;0
Agosto;3;Sevilla;2;2;0;0;0
Agosto;3;Sevilla;2;2;0;0;0
Agosto;3;Sevilla;4;4;0;0;0
Agosto;3;Sevilla;1;1;0;0;0
Agosto;3;Sevilla;1;1;0;0;0
Agosto;3;Sevilla;1;0;0;1;0
Agosto;3;Sevilla;2;2;0;0;0
Agosto;3;Granada;1;1;0;0;0
Agosto;4;Huelva;1;1;0;0;0
Agosto;4;Sevilla;2;2;0;0;0
Agosto;4;Sevilla;3;1;2;0;0
Agosto;4;Sevilla;1;1;0;0;0
Agosto;4;Sevilla;2;2;0;0;0
Agosto;4;Granada;1;1;0;0;0
Agosto;5;Sevilla;1;1;0;0;0
Agosto;5;Sevilla;1;1;0;0;0
Agosto;5;Sevilla;1;1;0;0;0
Agosto;5;Sevilla;6;3;1;2;0
Agosto;5;Sevilla;2;1;1;0;0
Agosto;5;Sevilla;6;6;0;0;0
Agosto;5;Sevilla;5;2;1;2;0
Agosto;5;Sevilla;2;2;0;0;0
Agosto;5;Granada;2;2;0;0;0
Agosto;6;Sevilla;1;1;0;0;0
Agosto;6;Sevilla;1;1;0;0;0
Agosto;8;Sevilla;2;1;1;0;0
Agosto;8;Sevilla;2;2;0;0;0
Agosto;8;Sevilla;1;1;0;0;0
Agosto;8;Sevilla;4;3;0;1;0
Agosto;8;Sevilla;1;1;0;0;0
Agosto;8;Sevilla;2;1;1;0;0
Agosto;8;Sevilla;2;2;0;0;0
Agosto;8;Sevilla;1;1;0;0;0
Agosto;8;Huelva;1;1;0;0;0
Agosto;8;Granada;1;1;0;0;0
Agosto;9;Huelva;3;2;1;0;0
Agosto;9;Sevilla;2;2;0;0;0
Agosto;9;Sevilla;1;1;0;0;0
Agosto;9;Sevilla;1;1;0;0;0
Agosto;9;Sevilla;6;1;4;1;0
Agosto;9;Sevilla;6;5;1;0;0
Agosto;9;Sevilla;2;2;0;0;0
Agosto;9;Sevilla;1;1;0;0;0
Agosto;9;Granada;1;1;0;0;0
Agosto;10;Sevilla;8;3;5;0;0
Agosto;10;Sevilla;1;1;0;0;0
Agosto;10;Sevilla;4;4;0;0;0
Agosto;10;Sevilla;1;1;0;0;0
Agosto;10;Sevilla;1;1;0;0;0
Agosto;10;Sevilla;1;1;0;0;0
Agosto;10;Sevilla;2;2;0;0;0
Agosto;10;Sevilla;1;1;0;0;0
Agosto;11;Huelva;1;1;0;0;0
Agosto;11;Sevilla;1;1;0;0;0
Agosto;11;Sevilla;2;2;0;0;0
Agosto;11;Sevilla;1;1;0;0;0
Agosto;11;Sevilla;3;3;0;0;0
Agosto;11;Sevilla;4;4;0;0;0
Agosto;11;Sevilla;1;1;0;0;0
Agosto;12;Sevilla;2;2;0;0;0
Agosto;12;Sevilla;1;1;0;0;0
Agosto;12;Sevilla;1;1;0;0;0
Agosto;12;Sevilla;2;2;0;0;0
Agosto;12;Granada;1;1;0;0;0
Agosto;13;Sevilla;1;1;0;0;0
Agosto;13;Granada;1;1;0;0;0
Agosto;15;Sevilla;1;1;0;0;0
Agosto;16;Huelva;7;7;0;0;0
Agosto;16;Sevilla;4;4;0;0;0
Agosto;16;Sevilla;3;3;0;0;0
Agosto;16;Sevilla;2;0;0;2;0
Agosto;16;Sevilla;1;1;0;0;0
Agosto;16;Sevilla;3;3;0;0;0
Agosto;16;Sevilla;1;1;0;0;0
Agosto;16;Sevilla;1;1;0;0;0
Agosto;16;Sevilla;3;3;0;0;0
Agosto;16;Sevilla;3;3;0;0;0
Agosto;16;Granada;1;1;0;0;0
Agosto;17;Huelva;10;4;0;6;0
Agosto;17;Sevilla;1;0;1;0;0
Agosto;17;Sevilla;1;1;0;0;0
Agosto;17;Sevilla;1;1;0;0;0
Agosto;17;Sevilla;4;4;0;0;0
Agosto;17;Sevilla;1;0;0;1;0
Agosto;17;Sevilla;1;1;0;0;0
Agosto;17;Sevilla;3;2;0;1;0
Agosto;17;Granada;1;1;0;0;0
Agosto;18;Sevilla;6;6;0;0;0
Agosto;18;Sevilla;4;4;0;0;0
Agosto;18;Sevilla;1;1;0;0;0
Agosto;18;Sevilla;1;1;0;0;0
Agosto;18;Sevilla;2;1;0;1;0
Agosto;18;Huelva;1;1;0;0;0
Agosto;18;Granada;1;1;0;0;0
Agosto;19;Sevilla;3;3;0;0;0
Agosto;19;Sevilla;1;1;0;0;0
Agosto;19;Sevilla;1;1;0;0;0
Agosto;19;Sevilla;2;2;0;0;0
Agosto;19;Sevilla;1;1;0;0;0
Agosto;19;Sevilla;1;1;0;0;0
Agosto;19;Granada;2;2;0;0;0
Agosto;22;Huelva;1;1;0;0;0
Agosto;22;Sevilla;5;5;0;0;0
Agosto;22;Sevilla;1;1;0;0;0
Agosto;22;Sevilla;3;3;0;0;0
Agosto;22;Sevilla;1;1;0;0;0
Agosto;22;Sevilla;2;2;0;0;0
Agosto;22;Granada;2;2;0;0;0
Agosto;23;Sevilla;1;1;0;0;0
Agosto;23;Sevilla;1;1;0;0;0
Agosto;23;Sevilla;2;2;0;0;0
Agosto;23;Sevilla;2;2;0;0;0
Agosto;23;Sevilla;1;1;0;0;0
Agosto;23;Sevilla;3;3;0;0;0
Agosto;23;Sevilla;2;2;0;0;0
Agosto;23;Sevilla;1;1;0;0;0
Agosto;23;Sevilla;1;1;0;0;0
Agosto;23;Granada;2;2;0;0;0
Agosto;24;Sevilla;1;1;0;0;0
Agosto;24;Sevilla;4;4;0;0;0
Agosto;24;Sevilla;3;3;0;0;0
Agosto;24;Sevilla;1;1;0;0;0
Agosto;24;Sevilla;1;1;0;0;0
Agosto;24;Huelva;2;2;0;0;0
Agosto;25;Sevilla;1;1;0;0;0
Agosto;25;Sevilla;3;3;0;0;0
Agosto;25;Sevilla;2;2;0;0;0
Agosto;25;Sevilla;1;1;0;0;0
Agosto;25;Granada;1;1;0;0;0
Agosto;26;Sevilla;3;2;0;1;0
Agosto;26;Sevilla;2;2;0;0;0
Agosto;26;Sevilla;1;1;0;0;0
Agosto;26;Sevilla;4;4;0;0;0
Agosto;26;Sevilla;4;4;0;0;0
Agosto;26;Sevilla;1;1;0;0;0
Agosto;26;Sevilla;1;1;0;0;0
Agosto;26;Granada;2;2;0;0;0
Agosto;29;Sevilla;2;2;0;0;0
Agosto;29;Sevilla;1;1;0;0;0
Agosto;29;Sevilla;1;1;0;0;0
Agosto;29;Sevilla;1;1;0;0;0
Agosto;29;Sevilla;4;4;0;0;0
Agosto;29;Sevilla;1;1;0;0;0
Agosto;29;Sevilla;1;1;0;0;0
Agosto;29;Granada;3;3;0;0;0
Agosto;30;Sevilla;2;2;0;0;0
Agosto;30;Sevilla;1;1;0;0;0
Agosto;30;Sevilla;1;1;0;0;0
Agosto;30;Sevilla;1;1;0;0;0
Agosto;30;Sevilla;3;3;0;0;0
Agosto;30;Sevilla;2;2;0;0;0
Agosto;30;Huelva;3;3;0;0;0
Agosto;31;Sevilla;3;3;0;0;0
Agosto;31;Sevilla;2;2;0;0;0
Agosto;31;Sevilla;1;1;0;0;0
Agosto;31;Sevilla;2;2;0;0;0
Agosto;31;Sevilla;1;1;0;0;0
Septiembre;1;Sevilla;2;2;0;0;0
Septiembre;1;Sevilla;3;3;0;0;0
Septiembre;1;Sevilla;1;1;0;0;0
Septiembre;1;Sevilla;2;2;0;0;0
Septiembre;1;Sevilla;9;8;1;0;0
Septiembre;2;Sevilla;2;2;0;0;0
Septiembre;2;Sevilla;3;3;0;0;0
Septiembre;2;Sevilla;4;4;0;0;0
Septiembre;2;Sevilla;2;2;0;0;0
Septiembre;2;Sevilla;1;1;0;0;0
Septiembre;2;Sevilla;2;2;0;0;0
Septiembre;2;Sevilla;1;1;0;0;0
Septiembre;3;Sevilla;2;2;0;0;0
Septiembre;3;Sevilla;1;1;0;0;0
Septiembre;3;Granada;2;2;0;0;0
Septiembre;5;Sevilla;1;1;0;0;0
Septiembre;5;Sevilla;1;1;0;0;0
Septiembre;5;Sevilla;5;5;0;0;0
Septiembre;5;Sevilla;2;2;0;0;0
Septiembre;5;Sevilla;1;1;0;0;0
Septiembre;5;Sevilla;2;2;0;0;0
Septiembre;5;Sevilla;3;3;0;0;0
Septiembre;5;Sevilla;3;3;0;0;0
Septiembre;5;Sevilla;1;1;0;0;0
Septiembre;5;Granada;1;1;0;0;0
Septiembre;6;Sevilla;2;2;0;0;0
Septiembre;6;Sevilla;1;1;0;0;0
Septiembre;6;Sevilla;2;2;0;0;0
Septiembre;6;Sevilla;3;3;0;0;0
Septiembre;6;Sevilla;2;2;0;0;0
Septiembre;7;Sevilla;3;3;0;0;0
Septiembre;7;Sevilla;1;1;0;0;0
Septiembre;7;Sevilla;2;1;1;0;0
Septiembre;8;Sevilla;4;4;0;0;0
Septiembre;8;Sevilla;3;3;0;0;0
Septiembre;8;Sevilla;3;3;0;0;0
Septiembre;8;Sevilla;2;1;1;0;0
Septiembre;8;Sevilla;3;3;0;0;0
Septiembre;8;Sevilla;2;0;0;2;0
Septiembre;8;Sevilla;1;1;0;0;0
Septiembre;9;Huelva;2;2;0;0;0
Septiembre;9;Sevilla;1;1;0;0;0
Septiembre;9;Sevilla;4;4;0;0;0
Septiembre;9;Sevilla;3;1;2;0;0
Septiembre;9;Sevilla;4;4;0;0;0
Septiembre;9;Sevilla;2;2;0;0;0
Septiembre;9;Sevilla;1;1;0;0;0
Septiembre;9;Sevilla;1;1;0;0;0
Septiembre;9;Sevilla;1;1;0;0;0
Septiembre;9;Sevilla;1;1;0;0;0
Septiembre;10;Sevilla;1;0;1;0;0
Septiembre;10;Sevilla;1;1;0;0;0
Septiembre;10;Sevilla;1;1;0;0;0
Septiembre;10;Sevilla;1;1;0;0;0
Septiembre;11;Sevilla;3;2;1;0;0
Septiembre;12;Sevilla;2;2;0;0;0
Septiembre;12;Sevilla;4;3;0;1;0
Septiembre;12;Sevilla;3;2;1;0;0
Septiembre;12;Sevilla;2;2;0;0;0
Septiembre;12;Sevilla;1;1;0;0;0
Septiembre;12;Sevilla;1;1;0;0;0
Septiembre;12;Huelva;1;1;0;0;0
Septiembre;12;Granada;1;1;0;0;0
Septiembre;13;Sevilla;1;1;0;0;0
Septiembre;13;Sevilla;3;3;0;0;0
Septiembre;13;Sevilla;1;1;0;0;0
Septiembre;13;Sevilla;2;2;0;0;0
Septiembre;13;Sevilla;2;2;0;0;0
Septiembre;13;Sevilla;1;1;0;0;0
Septiembre;13;Sevilla;2;2;0;0;0
Septiembre;13;Sevilla;1;1;0;0;0
Septiembre;14;Sevilla;1;1;0;0;0
Septiembre;14;Sevilla;2;2;0;0;0
Septiembre;14;Sevilla;1;1;0;0;0
Septiembre;14;Sevilla;1;1;0;0;0
Septiembre;14;Sevilla;1;1;0;0;0
Septiembre;14;Huelva;9;5;2;2;0
Septiembre;14;Granada;1;1;0;0;0
Septiembre;15;Sevilla;2;2;0;0;0
Septiembre;15;Sevilla;3;3;0;0;0
Septiembre;15;Sevilla;6;6;0;0;0
Septiembre;15;Sevilla;3;3;0;0;0
Septiembre;15;Sevilla;1;1;0;0;0
Septiembre;16;Huelva;1;1;0;0;0
Septiembre;16;Sevilla;3;3;0;0;0
Septiembre;16;Sevilla;1;1;0;0;0
Septiembre;16;Sevilla;1;1;0;0;0
Septiembre;16;Sevilla;1;1;0;0;0
Septiembre;16;Sevilla;1;1;0;0;0
Septiembre;16;Sevilla;1;1;0;0;0
Septiembre;17;Granada;1;1;0;0;0
Septiembre;17;Sevilla;1;1;0;0;0
Septiembre;18;Sevilla;3;3;0;0;0
Septiembre;19;Sevilla;1;1;0;0;0
Septiembre;19;Sevilla;3;3;0;0;0
Septiembre;19;Sevilla;5;2;3;0;0
Septiembre;19;Sevilla;1;1;0;0;0
Septiembre;19;Sevilla;2;2;0;0;0
Septiembre;19;Sevilla;2;2;0;0;0
Septiembre;19;Granada;1;1;0;0;0
Septiembre;20;Sevilla;2;2;0;0;0
Septiembre;20;Sevilla;2;2;0;0;0
Septiembre;20;Sevilla;2;2;0;0;0
Septiembre;20;Sevilla;2;2;0;0;0
Septiembre;20;Sevilla;14;2;12;0;0
Septiembre;20;Sevilla;4;4;0;0;0
Septiembre;20;Sevilla;1;1;0;0;0
Septiembre;20;Sevilla;2;2;0;0;0
Septiembre;20;Huelva;3;3;0;0;0
Septiembre;21;Sevilla;1;1;0;0;0
Septiembre;21;Sevilla;2;2;0;0;0
Septiembre;21;Sevilla;5;1;4;0;0
Septiembre;21;Sevilla;3;3;0;0;0
Septiembre;21;Sevilla;3;3;0;0;0
Septiembre;21;Sevilla;2;2;0;0;0
Septiembre;21;Sevilla;2;2;0;0;0
Septiembre;22;Sevilla;3;3;0;0;0
Septiembre;22;Sevilla;9;1;8;0;0
Septiembre;22;Sevilla;2;2;0;0;0
Septiembre;22;Sevilla;2;2;0;0;0
Septiembre;22;Granada;1;1;0;0;0
Septiembre;23;Sevilla;1;1;0;0;0
Septiembre;23;Sevilla;1;1;0;0;0
Septiembre;23;Sevilla;11;4;4;3;0
Septiembre;23;Sevilla;1;1;0;0;0
Septiembre;23;Sevilla;1;1;0;0;0
Septiembre;23;Granada;5;1;4;0;0
Septiembre;24;Sevilla;6;2;4;0;0
Septiembre;24;Sevilla;1;1;0;0;0
Septiembre;24;Sevilla;5;5;0;0;0
Septiembre;24;Sevilla;1;1;0;0;0
Septiembre;24;Sevilla;3;0;3;0;0
Septiembre;24;Granada;6;2;4;0;0
Septiembre;25;Sevilla;6;0;6;0;0
Septiembre;26;Huelva;3;3;0;0;0
Septiembre;26;Sevilla;5;5;0;0;0
Septiembre;26;Sevilla;4;4;0;0;0
Septiembre;26;Sevilla;8;7;1;0;0
Septiembre;26;Sevilla;2;2;0;0;0
Septiembre;26;Sevilla;1;1;0;0;0
Septiembre;26;Sevilla;1;1;0;0;0
Septiembre;26;Granada;4;0;4;0;0
Septiembre;27;Sevilla;2;1;0;1;0
Septiembre;27;Sevilla;1;1;0;0;0
Septiembre;27;Sevilla;3;2;1;0;0
Septiembre;27;Sevilla;3;3;0;0;0
Septiembre;27;Sevilla;3;1;2;0;0
Septiembre;27;Sevilla;3;2;0;1;0
Septiembre;27;Cordoba;1;1;0;0;0
Septiembre;27;Huelva;1;1;0;0;0
Septiembre;27;Granada;6;2;4;0;0
Septiembre;28;Sevilla;4;2;2;0;0
Septiembre;28;Sevilla;1;1;0;0;0
Septiembre;28;Sevilla;4;2;2;0;0
Septiembre;28;Sevilla;1;1;0;0;0
Septiembre;28;Sevilla;1;1;0;0;0
Septiembre;28;Sevilla;5;5;0;0;0
Septiembre;28;Sevilla;2;0;0;2;0
Septiembre;28;Sevilla;1;0;1;0;0
Septiembre;28;Sevilla;2;2;0;0;0
Septiembre;28;Granada;6;5;1;0;0
Septiembre;29;Sevilla;1;1;0;0;0
Septiembre;29;Sevilla;1;0;1;0;0
Septiembre;29;Sevilla;4;4;0;0;0
Septiembre;29;Sevilla;1;0;1;0;0
Septiembre;29;Sevilla;4;4;0;0;0
Septiembre;29;Sevilla;2;2;0;0;0
Septiembre;29;Sevilla;1;1;0;0;0
Septiembre;29;Sevilla;2;2;0;0;0
Septiembre;29;Sevilla;1;1;0;0;0
Septiembre;29;Cordoba;4;2;2;0;0
Septiembre;29;Granada;2;1;1;0;0
Septiembre;29;Huelva;1;1;0;0;0
Septiembre;30;Sevilla;5;2;3;0;0
Septiembre;30;Sevilla;4;2;2;0;0
Septiembre;30;Sevilla;8;0;8;0;0
Septiembre;30;Sevilla;1;1;0;0;0
Septiembre;30;Sevilla;2;1;1;0;0
Septiembre;30;Sevilla;2;1;1;0;0
Septiembre;30;Sevilla;2;2;0;0;0
Septiembre;30;Sevilla;2;2;0;0;0
Septiembre;30;Sevilla;1;1;0;0;0
Septiembre;30;Sevilla;3;1;2;0;0
Septiembre;30;Sevilla;1;0;1;0;0
Septiembre;30;Cordoba;3;3;0;0;0
Septiembre;30;Granada;1;0;1;0;0
Octubre;1;Sevilla;4;4;0;0;0
Octubre;1;Sevilla;4;2;2;0;0
Octubre;1;Sevilla;1;1;0;0;0
Octubre;1;Sevilla;1;0;1;0;0
Octubre;1;Sevilla;1;1;0;0;0
Octubre;1;Sevilla;1;1;0;0;0
Octubre;1;Sevilla;1;1;0;0;0
Octubre;1;Sevilla;3;3;0;0;0
Octubre;1;Sevilla;1;1;0;0;0
Octubre;1;Sevilla;3;2;1;0;0
Octubre;1;Sevilla;1;0;1;0;0
Octubre;1;Sevilla;1;0;1;0;0
Octubre;1;Granada;3;2;1;0;0
Octubre;2;Sevilla;2;2;0;0;0
Octubre;2;Sevilla;4;1;3;0;0
Octubre;2;Sevilla;1;0;1;0;0
Octubre;3;Sevilla;9;8;1;0;0
Octubre;3;Sevilla;10;6;4;0;0
Octubre;3;Sevilla;3;3;0;0;0
Octubre;3;Sevilla;6;2;4;0;0
Octubre;3;Sevilla;6;0;6;0;0
Octubre;3;Sevilla;1;1;0;0;0
Octubre;3;Sevilla;2;2;0;0;0
Octubre;3;Sevilla;3;1;2;0;0
Octubre;3;Sevilla;1;1;0;0;0
Octubre;3;Sevilla;1;0;1;0;0
Octubre;3;Granada;5;2;3;0;0
Octubre;3;Huelva;7;3;4;0;0
Octubre;4;Sevilla;2;1;1;0;0
Octubre;4;Sevilla;1;1;0;0;0
Octubre;4;Sevilla;3;3;0;0;0
Octubre;4;Sevilla;1;0;1;0;0
Octubre;4;Sevilla;7;1;6;0;0
Octubre;4;Sevilla;2;2;0;0;0
Octubre;4;Sevilla;2;2;0;0;0
Octubre;4;Sevilla;1;1;0;0;0
Octubre;4;Sevilla;8;2;6;0;0
Octubre;4;Sevilla;3;2;1;0;0
Octubre;4;Sevilla;2;1;1;0;0
Octubre;4;Sevilla;3;3;0;0;0
Octubre;4;Cordoba;1;1;0;0;0
Octubre;4;Granada;3;1;2;0;0
Octubre;5;Sevilla;1;1;0;0;0
Octubre;5;Sevilla;2;2;0;0;0
Octubre;5;Sevilla;1;1;0;0;0
Octubre;5;Sevilla;1;1;0;0;0
Octubre;5;Sevilla;2;2;0;0;0
Octubre;5;Sevilla;2;1;1;0;0
Octubre;5;Sevilla;7;3;4;0;0
Octubre;5;Sevilla;10;4;6;0;0
Octubre;5;Sevilla;3;3;0;0;0
Octubre;5;Sevilla;4;4;0;0;0
Octubre;5;Sevilla;1;0;1;0;0
Octubre;5;Sevilla;1;1;0;0;0
Octubre;5;Sevilla;1;1;0;0;0
Octubre;5;Sevilla;5;4;1;0;0
Octubre;5;Granada;3;1;2;0;0
Octubre;6;Sevilla;3;2;1;0;0
Octubre;6;Sevilla;1;1;0;0;0
Octubre;6;Sevilla;5;5;0;0;0
Octubre;6;Sevilla;7;1;6;0;0
Octubre;6;Sevilla;2;2;0;0;0
Octubre;6;Sevilla;3;3;0;0;0
Octubre;6;Sevilla;1;1;0;0;0
Octubre;6;Sevilla;1;1;0;0;0
Octubre;6;Sevilla;1;1;0;0;0
Octubre;6;Sevilla;1;1;0;0;0
Octubre;6;Sevilla;3;2;1;0;0
Octubre;6;Sevilla;1;1;0;0;0
Octubre;6;Sevilla;4;0;4;0;0
Octubre;6;Huelva;1;1;0;0;0
Octubre;6;Cordoba;3;3;0;0;0
Octubre;6;Granada;3;0;3;0;0
Octubre;7;Sevilla;5;5;0;0;0
Octubre;7;Sevilla;1;1;0;0;0
Octubre;7;Sevilla;3;3;0;0;0
Octubre;7;Sevilla;6;3;3;0;0
Octubre;7;Sevilla;4;0;4;0;0
Octubre;7;Sevilla;3;0;3;0;0
Octubre;7;Sevilla;5;5;0;0;0
Octubre;7;Sevilla;2;1;0;1;0
Octubre;7;Huelva;4;2;2;0;0
Octubre;7;Cordoba;3;3;0;0;0
Octubre;7;Granada;5;1;4;0;0
Octubre;8;Sevilla;2;2;0;0;0
Octubre;8;Sevilla;3;3;0;0;0
Octubre;8;Sevilla;2;2;0;0;0
Octubre;8;Sevilla;1;1;0;0;0
Octubre;8;Sevilla;2;2;0;0;0
Octubre;8;Sevilla;3;1;2;0;0
Octubre;8;Sevilla;2;1;1;0;0
Octubre;8;Sevilla;5;2;3;0;0
Octubre;8;Sevilla;1;0;1;0;0
Octubre;8;Granada;4;0;4;0;0
Octubre;9;Sevilla;2;2;0;0;0
Octubre;9;Sevilla;4;1;3;0;0
Octubre;10;Sevilla;3;3;0;0;0
Octubre;10;Sevilla;1;1;0;0;0
Octubre;10;Sevilla;1;0;1;0;0
Octubre;10;Sevilla;1;1;0;0;0
Octubre;10;Sevilla;1;1;0;0;0
Octubre;10;Sevilla;3;3;0;0;0
Octubre;10;Sevilla;1;1;0;0;0
Octubre;10;Sevilla;1;1;0;0;0
Octubre;10;Sevilla;4;4;0;0;0
Octubre;10;Sevilla;1;1;0;0;0
Octubre;10;Sevilla;5;2;3;0;0
Octubre;10;Sevilla;3;3;0;0;0
Octubre;10;Sevilla;3;3;0;0;0
Octubre;10;Sevilla;5;5;0;0;0
Octubre;10;Sevilla;2;2;0;0;0
Octubre;10;Granada;4;0;4;0;0
Octubre;11;Sevilla;3;3;0;0;0
Octubre;11;Sevilla;2;2;0;0;0
Octubre;11;Sevilla;4;4;0;0;0
Octubre;11;Sevilla;4;4;0;0;0
Octubre;11;Sevilla;2;2;0;0;0
Octubre;11;Sevilla;1;1;0;0;0
Octubre;11;Sevilla;4;2;2;0;0
Octubre;11;Sevilla;2;2;0;0;0
Octubre;11;Sevilla;1;1;0;0;0
Octubre;11;Sevilla;2;2;0;0;0
Octubre;11;Sevilla;4;4;0;0;0
Octubre;11;Sevilla;1;1;0;0;0
Octubre;11;Sevilla;2;2;0;0;0
Octubre;11;Sevilla;1;1;0;0;0
Octubre;11;Huelva;2;2;0;0;0
Octubre;11;Granada;5;2;3;0;0
Octubre;13;Sevilla;2;1;1;0;0
Octubre;13;Sevilla;1;1;0;0;0
Octubre;13;Sevilla;9;9;0;0;0
Octubre;13;Sevilla;1;1;0;0;0
Octubre;13;Sevilla;3;0;3;0;0
Octubre;13;Sevilla;1;1;0;0;0
Octubre;13;Sevilla;1;0;0;1;0
Octubre;13;Sevilla;2;2;0;0;0
Octubre;13;Sevilla;2;2;0;0;0
Octubre;13;Sevilla;5;4;1;0;0
Octubre;13;Sevilla;1;1;0;0;0
Octubre;13;Sevilla;2;2;0;0;0
Octubre;13;Sevilla;2;2;0;0;0
Octubre;13;Sevilla;1;1;0;0;0
Octubre;13;Sevilla;1;1;0;0;0
Octubre;13;Sevilla;3;2;1;0;0
Octubre;13;Sevilla;1;0;1;0;0
Octubre;13;Cadiz;4;0;3;1;0
Octubre;13;Cordoba;5;5;0;0;0
Octubre;13;Granada;4;1;3;0;0
Octubre;14;Cadiz;2;0;1;1;0
Octubre;14;Sevilla;4;4;0;0;0
Octubre;14;Sevilla;2;2;0;0;0
Octubre;14;Sevilla;1;1;0;0;0
Octubre;14;Sevilla;3;3;0;0;0
Octubre;14;Sevilla;2;2;0;0;0
Octubre;14;Sevilla;5;3;2;0;0
Octubre;14;Sevilla;1;0;1;0;0
Octubre;14;Sevilla;2;2;0;0;0
Octubre;14;Sevilla;1;1;0;0;0
Octubre;14;Sevilla;4;1;3;0;0
Octubre;14;Sevilla;1;1;0;0;0
Octubre;14;Granada;6;1;5;0;0
Octubre;14;Huelva;2;2;0;0;0
Octubre;15;Cordoba;3;3;0;0;0
Octubre;15;Sevilla;2;2;0;0;0
Octubre;15;Sevilla;1;1;0;0;0
Octubre;15;Sevilla;1;1;0;0;0
Octubre;15;Sevilla;1;1;0;0;0
Octubre;15;Sevilla;1;1;0;0;0
Octubre;15;Sevilla;1;1;0;0;0
Octubre;15;Sevilla;2;1;1;0;0
Octubre;15;Sevilla;2;1;1;0;0
Octubre;15;Granada;1;1;0;0;0
Octubre;17;Sevilla;3;3;0;0;0
Octubre;17;Sevilla;1;1;0;0;0
Octubre;17;Sevilla;2;2;0;0;0
Octubre;17;Sevilla;1;1;0;0;0
Octubre;17;Sevilla;2;2;0;0;0
Octubre;17;Sevilla;8;5;3;0;0
Octubre;17;Sevilla;3;3;0;0;0
Octubre;17;Sevilla;2;1;1;0;0
Octubre;17;Sevilla;6;5;1;0;0
Octubre;17;Sevilla;2;1;1;0;0
Octubre;17;Sevilla;1;1;0;0;0
Octubre;17;Sevilla;1;1;0;0;0
Octubre;17;Sevilla;5;5;0;0;0
Octubre;17;Granada;5;5;0;0;0
Octubre;17;Huelva;1;1;0;0;0
Octubre;18;Sevilla;3;3;0;0;0
Octubre;18;Sevilla;4;4;0;0;0
Octubre;18;Sevilla;1;1;0;0;0
Octubre;18;Sevilla;3;3;0;0;0
Octubre;18;Sevilla;3;3;0;0;0
Octubre;18;Sevilla;3;3;0;0;0
Octubre;18;Sevilla;3;3;0;0;0
Octubre;18;Sevilla;1;0;1;0;0
Octubre;18;Sevilla;2;2;0;0;0
Octubre;18;Sevilla;1;1;0;0;0
Octubre;18;Sevilla;3;3;0;0;0
Octubre;18;Sevilla;1;1;0;0;0
Octubre;18;Sevilla;2;2;0;0;0
Octubre;18;Sevilla;2;2;0;0;0
Octubre;18;Sevilla;2;1;1;0;0
Octubre;18;Sevilla;1;1;0;0;0
Octubre;18;Sevilla;3;3;0;0;0
Octubre;19;Sevilla;5;5;0;0;0
Octubre;19;Sevilla;2;2;0;0;0
Octubre;19;Sevilla;4;3;1;0;0
Octubre;19;Sevilla;2;1;1;0;0
Octubre;19;Sevilla;2;1;1;0;0
Octubre;19;Sevilla;1;1;0;0;0
Octubre;19;Sevilla;1;1;0;0;0
Octubre;19;Sevilla;3;3;0;0;0
Octubre;19;Sevilla;6;6;0;0;0
Octubre;19;Sevilla;1;1;0;0;0
Octubre;19;Sevilla;1;1;0;0;0
Octubre;19;Sevilla;1;1;0;0;0
Octubre;19;Sevilla;4;3;1;0;0
Octubre;20;Cordoba;4;4;0;0;0
Octubre;20;Cordoba;1;1;0;0;0
Octubre;20;Sevilla;1;1;0;0;0
Octubre;20;Sevilla;3;3;0;0;0
Octubre;20;Sevilla;1;1;0;0;0
Octubre;20;Sevilla;2;2;0;0;0
Octubre;20;Sevilla;1;1;0;0;0
Octubre;20;Sevilla;1;0;1;0;0
Octubre;20;Sevilla;3;1;2;0;0
Octubre;20;Sevilla;1;1;0;0;0
Octubre;20;Sevilla;3;2;1;0;0
Octubre;20;Huelva;3;3;0;0;0
Octubre;20;Granada;1;1;0;0;0
Octubre;21;Sevilla;1;1;0;0;0
Octubre;21;Sevilla;2;2;0;0;0
Octubre;21;Sevilla;1;1;0;0;0
Octubre;21;Sevilla;3;3;0;0;0
Octubre;21;Sevilla;2;1;1;0;0
Octubre;21;Sevilla;1;1;0;0;0
Octubre;21;Sevilla;4;4;0;0;0
Octubre;21;Sevilla;3;3;0;0;0
Octubre;21;Sevilla;1;1;0;0;0
Octubre;21;Sevilla;1;1;0;0;0
Octubre;21;Sevilla;4;4;0;0;0
Octubre;21;Sevilla;1;0;1;0;0
Octubre;21;Sevilla;6;6;0;0;0
Octubre;21;Sevilla;1;1;0;0;0
Octubre;21;Sevilla;4;4;0;0;0
Octubre;21;Sevilla;2;1;1;0;0
Octubre;21;Sevilla;5;4;1;0;0
Octubre;21;Sevilla;3;1;2;0;0
Octubre;21;Sevilla;1;0;1;0;0
Octubre;21;Granada;1;1;0;0;0
Octubre;21;Huelva;3;2;1;0;0
Octubre;22;Sevilla;1;1;0;0;0
Octubre;22;Sevilla;1;1;0;0;0
Octubre;22;Sevilla;1;1;0;0;0
Octubre;22;Sevilla;1;1;0;0;0
Octubre;22;Sevilla;1;0;1;0;0
Octubre;22;Granada;1;1;0;0;0
Octubre;22;Granada;1;1;0;0;0
Octubre;22;Granada;1;1;0;0;0
Octubre;23;Sevilla;2;2;0;0;0
Octubre;24;Sevilla;5;5;0;0;0
Octubre;24;Sevilla;5;4;1;0;0
Octubre;24;Sevilla;7;6;1;0;0
Octubre;24;Sevilla;2;1;1;0;0
Octubre;24;Sevilla;2;2;0;0;0
Octubre;24;Sevilla;3;3;0;0;0
Octubre;24;Sevilla;2;2;0;0;0
Octubre;24;Sevilla;2;2;0;0;0
Octubre;24;Sevilla;1;1;0;0;0
Octubre;24;Sevilla;1;1;0;0;0
Octubre;24;Sevilla;1;1;0;0;0
Octubre;24;Sevilla;2;2;0;0;0
Octubre;24;Sevilla;1;1;0;0;0
Octubre;24;Sevilla;1;0;1;0;0
Octubre;24;Sevilla;3;3;0;0;0
Octubre;24;Jaen;3;1;2;0;0
Octubre;24;Huelva;1;1;0;0;0
Octubre;24;Granada;1;1;0;0;0
Octubre;24;Granada;1;1;0;0;0
Octubre;25;Sevilla;2;2;0;0;0
Octubre;25;Sevilla;3;3;0;0;0
Octubre;25;Sevilla;2;2;0;0;0
Octubre;25;Sevilla;1;1;0;0;0
Octubre;25;Sevilla;3;3;0;0;0
Octubre;25;Sevilla;2;2;0;0;0
Octubre;25;Sevilla;1;1;0;0;0
Octubre;25;Sevilla;4;4;0;0;0
Octubre;25;Sevilla;1;1;0;0;0
Octubre;25;Sevilla;2;2;0;0;0
Octubre;25;Sevilla;3;3;0;0;0
Octubre;25;Sevilla;1;0;1;0;0
Octubre;25;Sevilla;1;1;0;0;0
Octubre;25;Granada;2;2;0;0;0
Octubre;25;Granada;1;1;0;0;0
Octubre;26;Cordoba;2;1;1;0;0
Octubre;26;Sevilla;1;1;0;0;0
Octubre;26;Sevilla;1;1;0;0;0
Octubre;26;Sevilla;4;2;2;0;0
Octubre;26;Sevilla;2;2;0;0;0
Octubre;26;Sevilla;2;2;0;0;0
Octubre;26;Sevilla;3;3;0;0;0
Octubre;26;Sevilla;4;4;0;0;0
Octubre;26;Sevilla;3;3;0;0;0
Octubre;26;Sevilla;2;2;0;0;0
Octubre;26;Sevilla;2;2;0;0;0
Octubre;26;Sevilla;1;1;0;0;0
Octubre;26;Sevilla;2;2;0;0;0
Octubre;26;Sevilla;1;1;0;0;0
Octubre;26;Sevilla;2;1;1;0;0
Octubre;26;Sevilla;1;0;1;0;0
Octubre;26;Sevilla;6;1;5;0;0
Octubre;26;Sevilla;1;1;0;0;0
Octubre;26;Sevilla;2;2;0;0;0
Octubre;26;Huelva;5;2;3;0;0
Octubre;26;Jaen;2;2;0;0;0
Octubre;26;Granada;1;1;0;0;0
Octubre;26;Granada;1;1;0;0;0
Octubre;26;Granada;4;2;2;0;0
Octubre;26;Cadiz;1;1;0;0;0
Octubre;26;Malaga;1;1;0;0;0
Octubre;27;Sevilla;1;1;0;0;0
Octubre;27;Sevilla;2;2;0;0;0
Octubre;27;Sevilla;7;7;0;0;0
Octubre;27;Sevilla;2;2;0;0;0
Octubre;27;Sevilla;3;3;0;0;0
Octubre;27;Sevilla;3;2;1;0;0
Octubre;27;Sevilla;3;3;0;0;0
Octubre;27;Sevilla;2;2;0;0;0
Octubre;27;Sevilla;3;1;2;0;0
Octubre;27;Sevilla;4;4;0;0;0
Octubre;27;Sevilla;8;3;4;1;0
Octubre;27;Sevilla;4;4;0;0;0
Octubre;27;Sevilla;2;2;0;0;0
Octubre;27;Sevilla;3;1;2;0;0
Octubre;27;Sevilla;1;1;0;0;0
Octubre;27;Sevilla;5;3;2;0;0
Octubre;27;Sevilla;1;1;0;0;0
Octubre;27;Sevilla;4;4;0;0;0
Octubre;27;Sevilla;1;1;0;0;0
Octubre;27;Cadiz;1;1;0;0;0
Octubre;27;Cadiz;1;1;0;0;0
Octubre;27;Granada;2;2;0;0;0
Octubre;27;Granada;1;1;0;0;0
Octubre;27;Granada;3;2;1;0;0
Octubre;27;Cordoba;1;1;0;0;0
Octubre;28;Cadiz;1;1;0;0;0
Octubre;28;Cadiz;3;3;0;0;0
Octubre;28;Cadiz;2;0;2;0;0
Octubre;28;Granada;2;2;0;0;0
Octubre;28;Granada;1;1;0;0;0
Octubre;28;Granada;2;1;1;0;0
Octubre;28;Sevilla;7;7;0;0;0
Octubre;28;Sevilla;2;2;0;0;0
Octubre;28;Sevilla;2;2;0;0;0
Octubre;28;Sevilla;2;2;0;0;0
Octubre;28;Sevilla;2;2;0;0;0
Octubre;28;Sevilla;3;3;0;0;0
Octubre;28;Sevilla;1;1;0;0;0
Octubre;28;Sevilla;1;1;0;0;0
Octubre;28;Sevilla;1;0;1;0;0
Octubre;28;Sevilla;1;1;0;0;0
Octubre;28;Sevilla;7;7;0;0;0
Octubre;28;Sevilla;2;2;0;0;0
Octubre;28;Sevilla;1;0;1;0;0
Octubre;28;Sevilla;3;3;0;0;0
Octubre;28;Sevilla;3;3;0;0;0
Octubre;28;Sevilla;1;1;0;0;0
Octubre;28;Sevilla;3;3;0;0;0
Octubre;28;Sevilla;1;1;0;0;0
Octubre;28;Sevilla;4;2;2;0;0
Octubre;28;Sevilla;1;1;0;0;0
Octubre;28;Sevilla;2;2;0;0;0
Octubre;28;Sevilla;1;1;0;0;0
Octubre;28;Sevilla;1;0;1;0;0
Octubre;28;Sevilla;1;1;0;0;0
Octubre;28;Almeria;1;0;1;0;0
Octubre;28;Cordoba;3;2;1;0;0
Octubre;28;Huelva;3;1;2;0;0
Octubre;28;Jaen;1;1;0;0;0
Octubre;29;Cordoba;1;1;0;0;0
Octubre;29;Cordoba;3;2;1;0;0
Octubre;29;Sevilla;1;1;0;0;0
Octubre;29;Sevilla;1;1;0;0;0
Octubre;29;Sevilla;1;1;0;0;0
Octubre;29;Sevilla;1;1;0;0;0
Octubre;29;Sevilla;2;2;0;0;0
Octubre;29;Sevilla;1;1;0;0;0
Octubre;29;Sevilla;1;0;1;0;0
Octubre;29;Cadiz;1;1;0;0;0
Octubre;29;Granada;1;1;0;0;0
Octubre;29;Granada;2;2;0;0;0
Octubre;29;Malaga;3;3;0;0;0
Octubre;30;Sevilla;1;1;0;0;0
Octubre;30;Sevilla;1;1;0;0;0
Octubre;30;Malaga;1;1;0;0;0
Octubre;31;Cadiz;1;1;0;0;0
Octubre;31;Cadiz;2;2;0;0;0
Octubre;31;Cadiz;2;2;0;0;0
Octubre;31;Cadiz;1;1;0;0;0
Octubre;31;Huelva;1;0;1;0;0
Octubre;31;Cordoba;1;1;0;0;0
Octubre;31;Cordoba;2;2;0;0;0
Octubre;31;Sevilla;3;3;0;0;0
Octubre;31;Sevilla;2;2;0;0;0
Octubre;31;Sevilla;4;4;0;0;0
Octubre;31;Sevilla;4;3;1;0;0
Octubre;31;Sevilla;1;1;0;0;0
Octubre;31;Sevilla;1;1;0;0;0
Octubre;31;Sevilla;2;1;1;0;0
Octubre;31;Sevilla;6;6;0;0;0
Octubre;31;Sevilla;3;2;1;0;0
Octubre;31;Sevilla;1;0;1;0;0
Octubre;31;Sevilla;4;4;0;0;0
Octubre;31;Sevilla;7;3;4;0;0
Octubre;31;Sevilla;3;3;0;0;0
Octubre;31;Sevilla;1;1;0;0;0
Octubre;31;Sevilla;2;2;0;0;0
Octubre;31;Sevilla;4;2;2;0;0
Octubre;31;Sevilla;2;2;0;0;0
Octubre;31;Granada;3;3;0;0;0
Octubre;31;Granada;1;1;0;0;0
Octubre;31;Granada;5;3;2;0;0
Octubre;31;Almeria;5;0;5;0;0
Octubre;31;Malaga;3;2;1;0;0
Noviembre;1;Sevilla;1;1;0;0;0
Noviembre;1;Sevilla;4;4;0;0;0
Noviembre;1;Sevilla;3;3;0;0;0
Noviembre;1;Sevilla;4;4;0;0;0
Noviembre;1;Sevilla;8;6;2;0;0
Noviembre;1;Malaga;3;1;2;0;0
Noviembre;1;Huelva;2;2;0;0;0
Noviembre;2;Sevilla;1;0;1;0;0
Noviembre;2;Sevilla;1;1;0;0;0
Noviembre;2;Sevilla;7;7;0;0;0
Noviembre;2;Sevilla;4;4;0;0;0
Noviembre;2;Sevilla;4;4;0;0;0
Noviembre;2;Sevilla;3;3;0;0;0
Noviembre;2;Sevilla;1;1;0;0;0
Noviembre;2;Sevilla;2;2;0;0;0
Noviembre;2;Sevilla;3;3;0;0;0
Noviembre;2;Sevilla;2;2;0;0;0
Noviembre;2;Sevilla;2;2;0;0;0
Noviembre;2;Sevilla;3;0;3;0;0
Noviembre;2;Sevilla;3;3;0;0;0
Noviembre;2;Sevilla;4;4;0;0;0
Noviembre;2;Sevilla;3;3;0;0;0
Noviembre;2;Sevilla;4;3;1;0;0
Noviembre;2;Sevilla;4;4;0;0;0
Noviembre;2;Sevilla;5;2;3;0;0
Noviembre;2;Sevilla;2;2;0;0;0
Noviembre;2;Sevilla;1;1;0;0;0
Noviembre;2;Sevilla;2;1;1;0;0
Noviembre;2;Sevilla;1;0;1;0;0
Noviembre;2;Sevilla;3;2;1;0;0
Noviembre;2;Sevilla;1;1;0;0;0
Noviembre;2;Sevilla;4;1;3;0;0
Noviembre;2;Sevilla;1;1;0;0;0
Noviembre;2;Sevilla;4;2;2;0;0
Noviembre;2;Sevilla;1;1;0;0;0
Noviembre;2;Cadiz;1;1;0;0;0
Noviembre;2;Cadiz;1;1;0;0;0
Noviembre;2;Granada;5;1;4;0;0
Noviembre;2;Granada;1;1;0;0;0
Noviembre;2;Granada;2;0;2;0;0
Noviembre;2;Granada;2;2;0;0;0
Noviembre;2;Huelva;2;2;0;0;0
Noviembre;2;Cordoba;1;1;0;0;0
Noviembre;2;Cordoba;3;3;0;0;0
Noviembre;2;Malaga;3;1;2;0;0
Noviembre;2;Jaen;1;1;0;0;0
Noviembre;3;Cadiz;2;2;0;0;0
Noviembre;3;Cadiz;5;5;0;0;0
Noviembre;3;Cadiz;2;2;0;0;0
Noviembre;3;Cadiz;1;1;0;0;0
Noviembre;3;Sevilla;6;6;0;0;0
Noviembre;3;Sevilla;3;3;0;0;0
Noviembre;3;Sevilla;5;3;2;0;0
Noviembre;3;Sevilla;2;1;1;0;0
Noviembre;3;Sevilla;1;1;0;0;0
Noviembre;3;Sevilla;1;1;0;0;0
Noviembre;3;Sevilla;1;1;0;0;0
Noviembre;3;Sevilla;6;3;3;0;0
Noviembre;3;Sevilla;3;3;0;0;0
Noviembre;3;Sevilla;5;2;3;0;0
Noviembre;3;Sevilla;5;3;2;0;0
Noviembre;3;Sevilla;3;3;0;0;0
Noviembre;3;Sevilla;4;3;1;0;0
Noviembre;3;Sevilla;1;1;0;0;0
Noviembre;3;Sevilla;1;0;1;0;0
Noviembre;3;Sevilla;5;5;0;0;0
Noviembre;3;Sevilla;4;4;0;0;0
Noviembre;3;Sevilla;2;0;2;0;0
Noviembre;3;Sevilla;5;2;3;0;0
Noviembre;3;Sevilla;1;1;0;0;0
Noviembre;3;Sevilla;6;5;1;0;0
Noviembre;3;Sevilla;4;3;1;0;0
Noviembre;3;Sevilla;1;1;0;0;0
Noviembre;3;Cordoba;3;3;0;0;0
Noviembre;3;Cordoba;4;3;1;0;0
Noviembre;3;Cordoba;1;1;0;0;0
Noviembre;3;Granada;4;0;4;0;0
Noviembre;3;Granada;5;3;2;0;0
Noviembre;3;Malaga;3;2;1;0;0
Noviembre;3;Almeria;1;0;1;0;0
Noviembre;3;Huelva;1;0;1;0;0
Noviembre;4;Sevilla;5;5;0;0;0
Noviembre;4;Sevilla;1;1;0;0;0
Noviembre;4;Sevilla;4;1;3;0;0
Noviembre;4;Sevilla;5;1;4;0;0
Noviembre;4;Sevilla;4;4;0;0;0
Noviembre;4;Sevilla;2;0;2;0;0
Noviembre;4;Sevilla;1;1;0;0;0
Noviembre;4;Sevilla;2;2;0;0;0
Noviembre;4;Sevilla;1;1;0;0;0
Noviembre;4;Sevilla;1;1;0;0;0
Noviembre;4;Sevilla;1;1;0;0;0
Noviembre;4;Sevilla;5;2;3;0;0
Noviembre;4;Sevilla;2;2;0;0;0
Noviembre;4;Sevilla;2;1;1;0;0
Noviembre;4;Sevilla;1;0;1;0;0
Noviembre;4;Sevilla;2;2;0;0;0
Noviembre;4;Sevilla;1;1;0;0;0
Noviembre;4;Sevilla;1;0;1;0;0
Noviembre;4;Sevilla;2;2;0;0;0
Noviembre;4;Sevilla;2;2;0;0;0
Noviembre;4;Sevilla;1;1;0;0;0
Noviembre;4;Sevilla;2;2;0;0;0
Noviembre;4;Sevilla;5;2;3;0;0
Noviembre;4;Sevilla;5;5;0;0;0
Noviembre;4;Sevilla;1;1;0;0;0
Noviembre;4;Sevilla;1;1;0;0;0
Noviembre;4;Sevilla;4;2;2;0;0
Noviembre;4;Sevilla;1;1;0;0;0
Noviembre;4;Sevilla;4;2;2;0;0
Noviembre;4;Almeria;1;1;0;0;0
Noviembre;4;Granada;7;3;4;0;0
Noviembre;4;Granada;1;1;0;0;0
Noviembre;4;Granada;4;0;4;0;0
Noviembre;4;Cadiz;1;1;0;0;0
Noviembre;4;Cadiz;1;1;0;0;0
Noviembre;4;Jaen;1;1;0;0;0
Noviembre;4;Malaga;4;4;0;0;0
Noviembre;5;Sevilla;1;1;0;0;0
Noviembre;5;Sevilla;1;0;1;0;0
Noviembre;5;Sevilla;4;4;0;0;0
Noviembre;5;Sevilla;1;1;0;0;0
Noviembre;5;Sevilla;1;0;0;0;0
Noviembre;5;Sevilla;1;0;1;0;0
Noviembre;5;Sevilla;1;1;0;0;0
Noviembre;5;Sevilla;3;3;0;0;0
Noviembre;5;Sevilla;1;0;1;0;0
Noviembre;5;Sevilla;3;0;3;0;0
Noviembre;5;Sevilla;1;1;0;0;0
Noviembre;5;Sevilla;1;1;0;0;0
Noviembre;5;Sevilla;1;1;0;0;0
Noviembre;5;Sevilla;7;1;6;0;0
Noviembre;5;Sevilla;2;0;2;0;0
Noviembre;5;Jaen;1;1;0;0;0
Noviembre;5;Granada;2;0;2;0;0
Noviembre;5;Granada;1;1;0;0;0
Noviembre;5;Huelva;1;1;0;0;0
Noviembre;6;Sevilla;4;0;4;0;0
Noviembre;6;Sevilla;2;2;0;0;0
Noviembre;6;Sevilla;2;0;2;0;0
Noviembre;6;Sevilla;2;0;2;0;0
Noviembre;6;Sevilla;4;0;4;0;0
Noviembre;6;Granada;3;0;3;0;0
Noviembre;7;Cadiz;4;4;0;0;0
Noviembre;7;Cadiz;1;1;0;0;0
Noviembre;7;Cadiz;1;1;0;0;0
Noviembre;7;Cadiz;2;2;0;0;0
Noviembre;7;Cadiz;3;3;0;0;0
Noviembre;7;Cadiz;3;1;2;0;0
Noviembre;7;Sevilla;7;3;0;0;0
Noviembre;7;Sevilla;3;1;1;0;0
Noviembre;7;Sevilla;5;3;2;0;0
Noviembre;7;Sevilla;4;4;0;0;0
Noviembre;7;Sevilla;2;2;0;0;0
Noviembre;7;Sevilla;1;1;0;0;0
Noviembre;7;Sevilla;2;2;0;0;0
Noviembre;7;Sevilla;7;6;1;0;0
Noviembre;7;Sevilla;7;4;3;0;0
Noviembre;7;Sevilla;4;2;2;0;0
Noviembre;7;Sevilla;4;3;1;0;0
Noviembre;7;Sevilla;1;0;1;0;0
Noviembre;7;Sevilla;1;1;0;0;0
Noviembre;7;Sevilla;6;0;6;0;0
Noviembre;7;Sevilla;4;0;4;0;0
Noviembre;7;Sevilla;3;3;0;0;0
Noviembre;7;Sevilla;1;0;0;0;0
Noviembre;7;Sevilla;5;4;1;0;0
Noviembre;7;Sevilla;2;2;0;0;0
Noviembre;7;Sevilla;3;3;0;0;0
Noviembre;7;Sevilla;1;1;0;0;0
Noviembre;7;Sevilla;2;2;0;0;0
Noviembre;7;Sevilla;6;3;3;0;0
Noviembre;7;Sevilla;2;1;1;0;0
Noviembre;7;Sevilla;6;3;3;0;0
Noviembre;7;Sevilla;3;3;0;0;0
Noviembre;7;Sevilla;3;2;1;0;0
Noviembre;7;Granada;4;0;4;0;0
Noviembre;7;Granada;1;1;0;0;0
Noviembre;7;Granada;1;0;1;0;0
Noviembre;7;Granada;2;2;0;0;0
Noviembre;7;Granada;5;3;2;0;0
Noviembre;7;Granada;3;0;2;0;0
Noviembre;7;Granada;3;0;3;0;0
Noviembre;7;Granada;1;0;1;0;0
Noviembre;7;Cordoba;4;2;2;0;0
Noviembre;7;Cordoba;2;2;0;0;0
Noviembre;7;Jaen;1;1;0;0;0
Noviembre;7;Huelva;1;0;1;0;0
Noviembre;7;Malaga;1;1;0;0;0
Noviembre;8;Sevilla;1;0;1;0;0
Noviembre;8;Sevilla;3;3;0;0;0
Noviembre;8;Sevilla;5;2;3;0;0
Noviembre;8;Sevilla;1;1;0;0;0
Noviembre;8;Sevilla;1;1;0;0;0
Noviembre;8;Sevilla;4;4;0;0;0
Noviembre;8;Sevilla;2;2;0;0;0
Noviembre;8;Sevilla;2;1;1;0;0
Noviembre;8;Sevilla;1;1;0;0;0
Noviembre;8;Sevilla;3;2;1;0;0
Noviembre;8;Sevilla;2;1;1;0;0
Noviembre;8;Sevilla;3;1;2;0;0
Noviembre;8;Sevilla;1;1;0;0;0
Noviembre;8;Sevilla;1;1;0;0;0
Noviembre;8;Sevilla;1;1;0;0;0
Noviembre;8;Sevilla;1;1;0;0;0
Noviembre;8;Sevilla;2;2;0;0;0
Noviembre;8;Sevilla;2;2;0;0;0
Noviembre;8;Sevilla;2;2;0;0;0
Noviembre;8;Sevilla;7;1;6;0;0
Noviembre;8;Sevilla;3;3;0;0;0
Noviembre;8;Sevilla;4;4;0;0;0
Noviembre;8;Sevilla;6;1;5;0;0
Noviembre;8;Sevilla;8;1;7;0;0
Noviembre;8;Sevilla;1;1;0;0;0
Noviembre;8;Sevilla;6;4;0;0;0
Noviembre;8;Sevilla;2;1;1;0;0
Noviembre;8;Sevilla;3;2;1;0;0
Noviembre;8;Sevilla;2;1;1;0;0
Noviembre;8;Sevilla;3;0;3;0;0
Noviembre;8;Sevilla;6;4;2;0;0
Noviembre;8;Sevilla;5;2;3;0;0
Noviembre;8;Sevilla;1;1;0;0;0
Noviembre;8;Sevilla;4;3;1;0;0
Noviembre;8;Sevilla;1;1;0;0;0
Noviembre;8;Cadiz;2;2;0;0;0
Noviembre;8;Cadiz;1;1;0;0;0
Noviembre;8;Cadiz;2;2;0;0;0
Noviembre;8;Cadiz;1;1;0;0;0
Noviembre;8;Cadiz;3;3;0;0;0
Noviembre;8;Huelva;2;0;2;0;0
Noviembre;8;Huelva;1;1;0;0;0
Noviembre;8;Huelva;2;1;1;0;0
Noviembre;8;Cordoba;2;2;0;0;0
Noviembre;8;Cordoba;2;2;0;0;0
Noviembre;8;Cordoba;3;1;2;0;0
Noviembre;8;Almeria;1;0;1;0;0
Noviembre;8;Almeria;2;0;2;0;0
Noviembre;8;Granada;5;3;2;0;0
Noviembre;8;Granada;5;1;4;0;0
Noviembre;8;Granada;1;0;1;0;0
Noviembre;8;Granada;6;4;2;0;0
Noviembre;8;Granada;1;1;0;0;0
Noviembre;8;Granada;4;1;3;0;0
Noviembre;8;Jaen;1;1;0;0;0
Noviembre;8;Malaga;3;3;0;0;0
Noviembre;9;Cadiz;5;5;0;0;0
Noviembre;9;Cadiz;5;5;0;0;0
Noviembre;9;Cadiz;1;1;0;0;0
Noviembre;9;Cadiz;2;2;0;0;0
Noviembre;9;Cadiz;3;2;1;0;0
Noviembre;9;Cadiz;2;2;0;0;0
Noviembre;9;Cadiz;1;1;0;0;0
Noviembre;9;Cadiz;7;5;2;0;0
Noviembre;9;Cadiz;3;3;0;0;0
Noviembre;9;Sevilla;2;2;0;0;0
Noviembre;9;Sevilla;1;1;0;0;0
Noviembre;9;Sevilla;1;1;0;0;0
Noviembre;9;Sevilla;9;6;3;0;0
Noviembre;9;Sevilla;1;1;0;0;0
Noviembre;9;Sevilla;2;1;1;0;0
Noviembre;9;Sevilla;3;3;0;0;0
Noviembre;9;Sevilla;1;1;0;0;0
Noviembre;9;Sevilla;2;2;0;0;0
Noviembre;9;Sevilla;1;0;1;0;0
Noviembre;9;Sevilla;3;1;2;0;0
Noviembre;9;Sevilla;5;3;2;0;0
Noviembre;9;Sevilla;7;4;3;0;0
Noviembre;9;Sevilla;1;1;0;0;0
Noviembre;9;Sevilla;3;3;0;0;0
Noviembre;9;Sevilla;1;1;0;0;0
Noviembre;9;Sevilla;8;2;6;0;0
Noviembre;9;Sevilla;5;2;3;0;0
Noviembre;9;Sevilla;3;1;2;0;0
Noviembre;9;Sevilla;4;2;2;0;0
Noviembre;9;Sevilla;1;1;0;0;0
Noviembre;9;Sevilla;1;1;0;0;0
Noviembre;9;Sevilla;6;0;6;0;0
Noviembre;9;Sevilla;1;1;0;0;0
Noviembre;9;Sevilla;2;2;0;0;0
Noviembre;9;Sevilla;3;0;3;0;0
Noviembre;9;Sevilla;2;2;0;0;0
Noviembre;9;Sevilla;4;1;3;0;0
Noviembre;9;Sevilla;1;0;1;0;0
Noviembre;9;Sevilla;1;0;1;0;0
Noviembre;9;Sevilla;1;0;1;0;0
Noviembre;9;Sevilla;1;1;0;0;0
Noviembre;9;Almeria;2;2;0;0;0
Noviembre;9;Almeria;1;1;0;0;0
Noviembre;9;Almeria;2;2;0;0;0
Noviembre;9;Granada;5;0;5;0;0
Noviembre;9;Granada;7;1;6;0;0
Noviembre;9;Granada;3;1;2;0;0
Noviembre;9;Granada;1;1;0;0;0
Noviembre;9;Granada;1;0;1;0;0
Noviembre;9;Granada;6;3;3;0;0
Noviembre;9;Huelva;1;1;0;0;0
Noviembre;9;Jaen;1;1;0;0;0
Noviembre;9;Malaga;2;1;1;0;0
Noviembre;9;Cordoba;2;2;0;0;0
Noviembre;10;Sevilla;3;2;1;0;0
Noviembre;10;Sevilla;3;2;1;0;0
Noviembre;10;Sevilla;2;1;1;0;0
Noviembre;10;Sevilla;1;1;0;0;0
Noviembre;10;Sevilla;2;2;0;0;0
Noviembre;10;Sevilla;13;11;2;0;0
Noviembre;10;Sevilla;3;3;0;0;0
Noviembre;10;Sevilla;1;0;1;0;0
Noviembre;10;Sevilla;8;5;3;0;0
Noviembre;10;Sevilla;6;0;6;0;0
Noviembre;10;Sevilla;5;3;2;0;0
Noviembre;10;Sevilla;3;2;1;0;0
Noviembre;10;Sevilla;1;1;0;0;0
Noviembre;10;Sevilla;2;2;0;0;0
Noviembre;10;Sevilla;3;3;0;0;0
Noviembre;10;Sevilla;6;2;4;0;0
Noviembre;10;Sevilla;1;1;0;0;0
Noviembre;10;Sevilla;2;2;0;0;0
Noviembre;10;Sevilla;6;0;6;0;0
Noviembre;10;Sevilla;2;0;2;0;0
Noviembre;10;Sevilla;2;2;0;0;0
Noviembre;10;Sevilla;3;3;0;0;0
Noviembre;10;Sevilla;2;2;0;0;0
Noviembre;10;Sevilla;9;3;6;0;0
Noviembre;10;Sevilla;1;1;0;0;0
Noviembre;10;Sevilla;1;1;0;0;0
Noviembre;10;Sevilla;1;1;0;0;0
Noviembre;10;Sevilla;1;1;0;0;0
Noviembre;10;Sevilla;3;2;1;0;0
Noviembre;10;Sevilla;2;1;1;0;0
Noviembre;10;Sevilla;4;1;3;0;0
Noviembre;10;Sevilla;1;1;0;0;0
Noviembre;10;Sevilla;2;2;0;0;0
Noviembre;10;Sevilla;1;0;1;0;0
Noviembre;10;Sevilla;4;2;2;0;0
Noviembre;10;Sevilla;1;1;0;0;0
Noviembre;10;Cadiz;1;1;0;0;0
Noviembre;10;Cadiz;10;7;0;3;0
Noviembre;10;Cadiz;4;4;0;0;0
Noviembre;10;Cadiz;2;2;0;0;0
Noviembre;10;Cadiz;4;4;0;0;0
Noviembre;10;Cadiz;2;2;0;0;0
Noviembre;10;Almeria;5;5;0;0;0
Noviembre;10;Almeria;1;0;1;0;0
Noviembre;10;Almeria;1;1;0;0;0
Noviembre;10;Granada;4;1;3;0;0
Noviembre;10;Granada;2;2;0;0;0
Noviembre;10;Granada;4;0;4;0;0
Noviembre;10;Granada;1;1;0;0;0
Noviembre;10;Granada;2;0;2;0;0
Noviembre;10;Granada;1;1;0;0;0
Noviembre;10;Granada;3;2;1;0;0
Noviembre;10;Granada;3;0;3;0;0
Noviembre;10;Granada;2;2;0;0;0
Noviembre;10;Cordoba;1;0;1;0;0
Noviembre;10;Jaen;1;1;0;0;0
Noviembre;10;Malaga;2;2;0;0;0
Noviembre;10;Huelva;3;1;2;0;0
Noviembre;10;Huelva;4;3;1;0;0
Noviembre;10;Huelva;1;1;0;0;0
Noviembre;11;Cadiz;4;4;0;0;0
Noviembre;11;Cadiz;4;2;0;2;0
Noviembre;11;Cadiz;4;2;2;0;0
Noviembre;11;Cadiz;2;2;0;0;0
Noviembre;11;Cadiz;1;1;0;0;0
Noviembre;11;Cadiz;1;1;0;0;0
Noviembre;11;Cadiz;1;1;0;0;0
Noviembre;11;Cadiz;2;2;0;0;0
Noviembre;11;Cadiz;1;1;0;0;0
Noviembre;11;Huelva;2;2;0;0;0
Noviembre;11;Huelva;2;0;2;0;0
Noviembre;11;Huelva;3;2;1;0;0
Noviembre;11;Huelva;2;0;2;0;0
Noviembre;11;Sevilla;11;9;2;0;0
Noviembre;11;Sevilla;3;1;2;0;0
Noviembre;11;Sevilla;7;3;4;0;0
Noviembre;11;Sevilla;4;2;2;0;0
Noviembre;11;Sevilla;4;4;0;0;0
Noviembre;11;Sevilla;2;2;0;0;0
Noviembre;11;Sevilla;1;1;0;0;0
Noviembre;11;Sevilla;1;1;0;0;0
Noviembre;11;Sevilla;3;2;1;0;0
Noviembre;11;Sevilla;1;0;1;0;0
Noviembre;11;Sevilla;1;1;0;0;0
Noviembre;11;Sevilla;6;6;0;0;0
Noviembre;11;Sevilla;2;1;1;0;0
Noviembre;11;Sevilla;3;3;0;0;0
Noviembre;11;Sevilla;1;1;0;0;0
Noviembre;11;Sevilla;6;5;1;0;0
Noviembre;11;Sevilla;4;4;0;0;0
Noviembre;11;Sevilla;3;0;3;0;0
Noviembre;11;Sevilla;6;0;6;0;0
Noviembre;11;Sevilla;2;2;0;0;0
Noviembre;11;Sevilla;5;5;0;0;0
Noviembre;11;Sevilla;1;0;0;1;0
Noviembre;11;Sevilla;2;1;1;0;0
Noviembre;11;Sevilla;1;1;0;0;0
Noviembre;11;Sevilla;4;1;3;0;0
Noviembre;11;Sevilla;2;2;0;0;0
Noviembre;11;Sevilla;3;3;0;0;0
Noviembre;11;Sevilla;2;2;0;0;0
Noviembre;11;Sevilla;1;1;0;0;0
Noviembre;11;Sevilla;2;1;1;0;0
Noviembre;11;Sevilla;1;1;0;0;0
Noviembre;11;Sevilla;2;2;0;0;0
Noviembre;11;Sevilla;2;2;0;0;0
Noviembre;11;Sevilla;5;2;3;0;0
Noviembre;11;Sevilla;1;0;1;0;0
Noviembre;11;Jaen;1;1;0;0;0
Noviembre;11;Jaen;2;1;1;0;0
Noviembre;11;Granada;1;1;0;0;0
Noviembre;11;Granada;6;2;4;0;0
Noviembre;11;Granada;1;1;0;0;0
Noviembre;11;Granada;1;1;0;0;0
Noviembre;11;Granada;1;1;0;0;0
Noviembre;11;Granada;2;1;1;0;0
Noviembre;11;Granada;2;2;0;0;0
Noviembre;11;Granada;2;2;0;0;0
Noviembre;11;Granada;5;1;4;0;0
Noviembre;11;Granada;3;1;2;0;0
Noviembre;11;Granada;1;1;0;0;0
Noviembre;11;Granada;1;0;1;0;0
Noviembre;11;Granada;3;0;3;0;0
Noviembre;11;Almeria;2;2;0;0;0
Noviembre;11;Almeria;2;2;0;0;0
Noviembre;11;Cordoba;1;1;0;0;0
Noviembre;11;Malaga;1;0;1;0;0
Noviembre;11;Malaga;1;1;0;0;0
Noviembre;12;Sevilla;1;1;0;0;0
Noviembre;12;Sevilla;2;2;0;0;0
Noviembre;12;Sevilla;3;1;2;0;0
Noviembre;12;Sevilla;1;1;0;0;0
Noviembre;12;Sevilla;1;1;0;0;0
Noviembre;12;Sevilla;1;1;0;0;0
Noviembre;12;Sevilla;1;1;0;0;0
Noviembre;12;Sevilla;1;1;0;0;0
Noviembre;12;Sevilla;3;3;0;0;0
Noviembre;12;Sevilla;1;0;1;0;0
Noviembre;12;Sevilla;1;1;0;0;0
Noviembre;12;Sevilla;1;1;0;0;0
Noviembre;12;Sevilla;3;0;3;0;0
Noviembre;12;Sevilla;1;1;0;0;0
Noviembre;12;Sevilla;1;1;0;0;0
Noviembre;12;Sevilla;1;0;1;0;0
Noviembre;12;Sevilla;5;3;2;0;0
Noviembre;12;Huelva;1;0;1;0;0
Noviembre;12;Huelva;6;3;3;0;0
Noviembre;12;Granada;1;1;0;0;0
Noviembre;12;Granada;2;0;2;0;0
Noviembre;12;Granada;1;1;0;0;0
Noviembre;12;Granada;2;2;0;0;0
Noviembre;12;Granada;3;0;3;0;0
Noviembre;12;Granada;2;0;2;0;0
Noviembre;12;Granada;1;1;0;0;0
Noviembre;12;Cordoba;1;1;0;0;0
Noviembre;12;Almeria;3;0;3;0;0
Noviembre;12;Cadiz;1;1;0;0;0
Noviembre;12;Cadiz;1;1;0;0;0
Noviembre;12;Cadiz;1;1;0;0;0
Noviembre;12;Malaga;3;3;0;0;0
Noviembre;13;Cordoba;3;1;2;0;0
Noviembre;13;Malaga;1;1;0;0;0
Noviembre;13;Sevilla;5;0;5;0;0
Noviembre;13;Sevilla;1;1;0;0;0
Noviembre;13;Sevilla;2;2;0;0;0
Noviembre;13;Sevilla;3;0;3;0;0
Noviembre;13;Sevilla;2;1;1;0;0
Noviembre;13;Granada;2;2;0;0;0
Noviembre;14;Cadiz;1;1;0;0;0
Noviembre;14;Cadiz;6;5;0;1;0
Noviembre;14;Cadiz;1;1;0;0;0
Noviembre;14;Cadiz;1;1;0;0;0
Noviembre;14;Cadiz;1;1;0;0;0
Noviembre;14;Cadiz;1;0;1;0;0
Noviembre;14;Cadiz;3;3;0;0;0
Noviembre;14;Cadiz;2;2;0;0;0
Noviembre;14;Cadiz;2;2;0;0;0
Noviembre;14;Cadiz;1;1;0;0;0
Noviembre;14;Cadiz;2;2;0;0;0
Noviembre;14;Cadiz;1;1;0;0;0
Noviembre;14;Granada;2;1;0;1;0
Noviembre;14;Granada;4;3;1;0;0
Noviembre;14;Granada;5;2;3;0;0
Noviembre;14;Granada;7;2;5;0;0
Noviembre;14;Granada;1;1;0;0;0
Noviembre;14;Granada;1;1;0;0;0
Noviembre;14;Granada;5;1;4;0;0
Noviembre;14;Granada;1;1;0;0;0
Noviembre;14;Granada;2;1;1;0;0
Noviembre;14;Granada;4;2;2;0;0
Noviembre;14;Granada;3;3;0;0;0
Noviembre;14;Granada;5;2;3;0;0
Noviembre;14;Granada;2;2;0;0;0
Noviembre;14;Granada;1;1;0;0;0
Noviembre;14;Granada;1;0;0;1;0
Noviembre;14;Huelva;7;1;6;0;0
Noviembre;14;Huelva;1;1;0;0;0
Noviembre;14;Huelva;1;1;0;0;0
Noviembre;14;Huelva;3;2;1;0;0
Noviembre;14;Huelva;4;0;4;0;0
Noviembre;14;Sevilla;4;4;0;0;0
Noviembre;14;Sevilla;5;4;1;0;0
Noviembre;14;Sevilla;1;1;0;0;0
Noviembre;14;Sevilla;8;5;0;3;0
Noviembre;14;Sevilla;1;1;0;0;0
Noviembre;14;Sevilla;4;2;2;0;0
Noviembre;14;Sevilla;2;2;0;0;0
Noviembre;14;Sevilla;5;5;0;0;0
Noviembre;14;Sevilla;3;3;0;0;0
Noviembre;14;Sevilla;3;1;2;0;0
Noviembre;14;Sevilla;2;1;1;0;0
Noviembre;14;Sevilla;8;5;3;0;0
Noviembre;14;Sevilla;3;1;2;0;0
Noviembre;14;Sevilla;3;3;0;0;0
Noviembre;14;Sevilla;2;2;0;0;0
Noviembre;14;Sevilla;4;4;0;0;0
Noviembre;14;Sevilla;6;4;2;0;0
Noviembre;14;Sevilla;7;0;7;0;0
Noviembre;14;Sevilla;1;1;0;0;0
Noviembre;14;Sevilla;6;3;3;0;0
Noviembre;14;Sevilla;2;2;0;0;0
Noviembre;14;Sevilla;8;2;6;0;0
Noviembre;14;Sevilla;1;1;0;0;0
Noviembre;14;Sevilla;4;2;2;0;0
Noviembre;14;Sevilla;4;4;0;0;0
Noviembre;14;Sevilla;4;2;2;0;0
Noviembre;14;Sevilla;1;1;0;0;0
Noviembre;14;Sevilla;2;1;1;0;0
Noviembre;14;Sevilla;4;2;2;0;0
Noviembre;14;Sevilla;8;8;0;0;0
Noviembre;14;Sevilla;1;1;0;0;0
Noviembre;14;Sevilla;2;2;0;0;0
Noviembre;14;Sevilla;2;1;1;0;0
Noviembre;14;Sevilla;1;1;0;0;0
Noviembre;14;Sevilla;4;4;0;0;0
Noviembre;14;Sevilla;5;3;2;0;0
Noviembre;14;Sevilla;2;1;1;0;0
Noviembre;14;Sevilla;1;1;0;0;0
Noviembre;14;Sevilla;2;2;0;0;0
Noviembre;14;Sevilla;6;2;4;0;0
Noviembre;14;Sevilla;1;0;1;0;0
Noviembre;14;Sevilla;3;1;2;0;0
Noviembre;14;Sevilla;1;1;0;0;0
Noviembre;14;Sevilla;3;2;1;0;0
Noviembre;14;Sevilla;1;1;0;0;0
Noviembre;14;Sevilla;2;2;0;0;0
Noviembre;14;Almeria;7;4;3;0;0
Noviembre;14;Malaga;5;4;1;0;0
Noviembre;14;Cordoba;5;3;2;0;0
Noviembre;14;Cordoba;2;2;0;0;0
Noviembre;14;Jaen;1;1;0;0;0
Noviembre;15;Cadiz;3;3;0;0;0
Noviembre;15;Cadiz;5;5;0;0;0
Noviembre;15;Cadiz;2;2;0;0;0
Noviembre;15;Cadiz;4;3;1;0;0
Noviembre;15;Cadiz;1;1;0;0;0
Noviembre;15;Cadiz;1;1;0;0;0
Noviembre;15;Cadiz;3;3;0;0;0
Noviembre;15;Cadiz;7;5;2;0;0
Noviembre;15;Cadiz;3;3;0;0;0
Noviembre;15;Cadiz;1;1;0;0;0
Noviembre;15;Cadiz;1;1;0;0;0
Noviembre;15;Cadiz;3;1;2;0;0
Noviembre;15;Cadiz;1;1;0;0;0
Noviembre;15;Sevilla;4;2;0;2;0
Noviembre;15;Sevilla;1;1;0;0;0
Noviembre;15;Sevilla;2;2;0;0;0
Noviembre;15;Sevilla;5;1;4;0;0
Noviembre;15;Sevilla;3;2;1;0;0
Noviembre;15;Sevilla;3;2;1;0;0
Noviembre;15;Sevilla;4;4;0;0;0
Noviembre;15;Sevilla;4;4;0;0;0
Noviembre;15;Sevilla;1;1;0;0;0
Noviembre;15;Sevilla;3;1;2;0;0
Noviembre;15;Sevilla;1;1;0;0;0
Noviembre;15;Sevilla;1;1;0;0;0
Noviembre;15;Sevilla;10;2;8;0;0
Noviembre;15;Sevilla;3;1;2;0;0
Noviembre;15;Sevilla;2;0;2;0;0
Noviembre;15;Sevilla;1;1;0;0;0
Noviembre;15;Sevilla;3;3;0;0;0
Noviembre;15;Sevilla;7;1;6;0;0
Noviembre;15;Sevilla;3;0;3;0;0
Noviembre;15;Sevilla;1;1;0;0;0
Noviembre;15;Sevilla;4;4;0;0;0
Noviembre;15;Sevilla;4;4;0;0;0
Noviembre;15;Sevilla;3;2;1;0;0
Noviembre;15;Sevilla;8;4;4;0;0
Noviembre;15;Sevilla;2;2;0;0;0
Noviembre;15;Sevilla;2;2;0;0;0
Noviembre;15;Sevilla;1;1;0;0;0
Noviembre;15;Sevilla;3;2;1;0;0
Noviembre;15;Sevilla;2;2;0;0;0
Noviembre;15;Sevilla;5;3;2;0;0
Noviembre;15;Sevilla;1;1;0;0;0
Noviembre;15;Sevilla;9;3;6;0;0
Noviembre;15;Sevilla;1;1;0;0;0
Noviembre;15;Sevilla;5;5;0;0;0
Noviembre;15;Sevilla;1;1;0;0;0
Noviembre;15;Sevilla;1;1;0;0;0
Noviembre;15;Sevilla;2;2;0;0;0
Noviembre;15;Sevilla;1;1;0;0;0
Noviembre;15;Sevilla;2;1;1;0;0
Noviembre;15;Sevilla;4;3;1;0;0
Noviembre;15;Sevilla;1;1;0;0;0
Noviembre;15;Sevilla;8;4;4;0;0
Noviembre;15;Sevilla;2;1;1;0;0
Noviembre;15;Sevilla;2;2;0;0;0
Noviembre;15;Sevilla;1;1;0;0;0
Noviembre;15;Almeria;1;1;0;0;0
Noviembre;15;Almeria;2;2;0;0;0
Noviembre;15;Almeria;1;1;0;0;0
Noviembre;15;Granada;4;1;3;0;0
Noviembre;15;Granada;3;3;0;0;0
Noviembre;15;Granada;4;1;3;0;0
Noviembre;15;Granada;3;3;0;0;0
Noviembre;15;Granada;2;2;0;0;0
Noviembre;15;Granada;6;2;4;0;0
Noviembre;15;Granada;5;5;0;0;0
Noviembre;15;Granada;1;1;0;0;0
Noviembre;15;Granada;1;1;0;0;0
Noviembre;15;Granada;1;0;1;0;0
Noviembre;15;Granada;1;1;0;0;0
Noviembre;15;Granada;2;2;0;0;0
Noviembre;15;Granada;4;1;3;0;0
Noviembre;15;Granada;1;1;0;0;0
Noviembre;15;Cordoba;6;5;1;0;0
Noviembre;15;Cordoba;6;3;3;0;0
Noviembre;15;Cordoba;1;0;1;0;0
Noviembre;15;Cordoba;1;1;0;0;0
Noviembre;15;Huelva;2;2;0;0;0
Noviembre;15;Huelva;1;1;0;0;0
Noviembre;15;Huelva;2;2;0;0;0
Noviembre;15;Huelva;2;0;2;0;0
Noviembre;15;Jaen;1;1;0;0;0
Noviembre;15;Jaen;2;2;0;0;0
Noviembre;15;Jaen;1;1;0;0;0
Noviembre;15;Jaen;2;1;1;0;0
Noviembre;15;Jaen;1;1;0;0;0
Noviembre;15;Jaen;1;1;0;0;0
Noviembre;15;Malaga;1;0;1;0;0
Noviembre;16;Sevilla;3;2;0;1;0
Noviembre;16;Sevilla;1;1;0;0;0
Noviembre;16;Sevilla;4;3;1;0;0
Noviembre;16;Sevilla;3;2;0;0;0
Noviembre;16;Sevilla;3;3;0;0;0
Noviembre;16;Sevilla;3;3;0;0;0
Noviembre;16;Sevilla;4;4;0;0;0
Noviembre;16;Sevilla;2;2;0;0;0
Noviembre;16;Sevilla;2;2;0;0;0
Noviembre;16;Sevilla;1;1;0;0;0
Noviembre;16;Sevilla;1;0;1;0;0
Noviembre;16;Sevilla;3;2;1;0;0
Noviembre;16;Sevilla;2;1;1;0;0
Noviembre;16;Sevilla;1;0;1;0;0
Noviembre;16;Sevilla;7;3;4;0;0
Noviembre;16;Sevilla;2;2;0;0;0
Noviembre;16;Sevilla;1;1;0;0;0
Noviembre;16;Sevilla;2;2;0;0;0
Noviembre;16;Sevilla;1;1;0;0;0
Noviembre;16;Sevilla;8;0;8;0;0
Noviembre;16;Sevilla;2;2;0;0;0
Noviembre;16;Sevilla;1;1;0;0;0
Noviembre;16;Sevilla;3;3;0;0;0
Noviembre;16;Sevilla;3;3;0;0;0
Noviembre;16;Sevilla;2;1;1;0;0
Noviembre;16;Sevilla;3;3;0;0;0
Noviembre;16;Sevilla;8;2;6;0;0
Noviembre;16;Sevilla;6;0;6;0;0
Noviembre;16;Sevilla;1;1;0;0;0
Noviembre;16;Sevilla;2;2;0;0;0
Noviembre;16;Sevilla;1;0;1;0;0
Noviembre;16;Sevilla;1;1;0;0;0
Noviembre;16;Sevilla;3;3;0;0;0
Noviembre;16;Sevilla;2;2;0;0;0
Noviembre;16;Sevilla;16;1;15;0;0
Noviembre;16;Sevilla;2;2;0;0;0
Noviembre;16;Sevilla;1;1;0;0;0
Noviembre;16;Sevilla;2;1;1;0;0
Noviembre;16;Sevilla;1;1;0;0;0
Noviembre;16;Sevilla;1;1;0;0;0
Noviembre;16;Sevilla;1;0;1;0;0
Noviembre;16;Sevilla;3;3;0;0;0
Noviembre;16;Sevilla;3;3;0;0;0
Noviembre;16;Sevilla;2;0;2;0;0
Noviembre;16;Sevilla;2;1;1;0;0
Noviembre;16;Sevilla;1;1;0;0;0
Noviembre;16;Almeria;2;2;0;0;0
Noviembre;16;Almeria;1;1;0;0;0
Noviembre;16;Almeria;1;1;0;0;0
Noviembre;16;Almeria;3;1;1;1;0
Noviembre;16;Almeria;1;1;0;0;0
Noviembre;16;Cadiz;2;2;0;0;0
Noviembre;16;Cadiz;5;5;0;0;0
Noviembre;16;Cadiz;6;6;0;0;0
Noviembre;16;Cadiz;5;5;0;0;0
Noviembre;16;Cadiz;2;2;0;0;0
Noviembre;16;Cadiz;2;1;1;0;0
Noviembre;16;Cadiz;1;1;0;0;0
Noviembre;16;Cadiz;6;6;0;0;0
Noviembre;16;Cadiz;1;1;0;0;0
Noviembre;16;Cadiz;3;3;0;0;0
Noviembre;16;Cadiz;1;1;0;0;0
Noviembre;16;Cadiz;1;1;0;0;0
Noviembre;16;Cadiz;2;2;0;0;0
Noviembre;16;Cadiz;3;1;2;0;0
Noviembre;16;Cadiz;2;2;0;0;0
Noviembre;16;Cadiz;3;1;2;0;0
Noviembre;16;Cordoba;2;2;0;0;0
Noviembre;16;Cordoba;8;5;3;0;0
Noviembre;16;Cordoba;3;2;1;0;0
Noviembre;16;Cordoba;1;1;0;0;0
Noviembre;16;Cordoba;4;4;0;0;0
Noviembre;16;Cordoba;1;1;0;0;0
Noviembre;16;Cordoba;1;1;0;0;0
Noviembre;16;Huelva;1;0;1;0;0
Noviembre;16;Huelva;2;2;0;0;0
Noviembre;16;Huelva;7;2;5;0;0
Noviembre;16;Huelva;1;1;0;0;0
Noviembre;16;Huelva;1;1;0;0;0
Noviembre;16;Huelva;2;2;0;0;0
Noviembre;16;Huelva;2;2;0;0;0
Noviembre;16;Granada;4;0;4;0;0
Noviembre;16;Granada;10;2;8;0;0
Noviembre;16;Granada;1;1;0;0;0
Noviembre;16;Granada;4;3;1;0;0
Noviembre;16;Granada;2;2;0;0;0
Noviembre;16;Granada;7;3;4;0;0
Noviembre;16;Granada;4;4;0;0;0
Noviembre;16;Granada;3;3;0;0;0
Noviembre;16;Granada;1;0;1;0;0
Noviembre;16;Granada;1;1;0;0;0
Noviembre;16;Granada;3;1;2;0;0
Noviembre;16;Granada;3;1;1;1;0
Noviembre;16;Granada;3;0;3;0;0
Noviembre;16;Granada;1;1;0;0;0
Noviembre;16;Granada;1;1;0;0;0
Noviembre;16;Granada;1;1;0;0;0
Noviembre;16;Jaen;4;4;0;0;0
Noviembre;16;Jaen;4;2;2;0;0
Noviembre;16;Jaen;1;1;0;0;0
Noviembre;16;Malaga;5;4;1;0;0
Noviembre;17;Sevilla;1;1;0;0;0
Noviembre;17;Sevilla;3;3;0;0;0
Noviembre;17;Sevilla;4;2;2;0;0
Noviembre;17;Sevilla;1;1;0;0;0
Noviembre;17;Sevilla;1;1;0;0;0
Noviembre;17;Sevilla;1;0;1;0;0
Noviembre;17;Sevilla;3;3;0;0;0
Noviembre;17;Sevilla;3;3;0;0;0
Noviembre;17;Sevilla;2;2;0;0;0
Noviembre;17;Sevilla;1;1;0;0;0
Noviembre;17;Sevilla;6;4;2;0;0
Noviembre;17;Sevilla;4;4;0;0;0
Noviembre;17;Sevilla;1;1;0;0;0
Noviembre;17;Sevilla;1;1;0;0;0
Noviembre;17;Sevilla;7;7;0;0;0
Noviembre;17;Sevilla;3;3;0;0;0
Noviembre;17;Sevilla;2;2;0;0;0
Noviembre;17;Sevilla;3;3;0;0;0
Noviembre;17;Sevilla;1;1;0;0;0
Noviembre;17;Sevilla;9;3;0;6;0
Noviembre;17;Sevilla;1;1;0;0;0
Noviembre;17;Sevilla;4;4;0;0;0
Noviembre;17;Sevilla;1;1;0;0;0
Noviembre;17;Sevilla;1;1;0;0;0
Noviembre;17;Sevilla;1;0;1;0;0
Noviembre;17;Sevilla;1;1;0;0;0
Noviembre;17;Sevilla;2;2;0;0;0
Noviembre;17;Sevilla;1;1;0;0;0
Noviembre;17;Sevilla;5;5;0;0;0
Noviembre;17;Sevilla;4;4;0;0;0
Noviembre;17;Sevilla;4;4;0;0;0
Noviembre;17;Sevilla;3;3;0;0;0
Noviembre;17;Sevilla;3;3;0;0;0
Noviembre;17;Sevilla;5;5;0;0;0
Noviembre;17;Sevilla;1;1;0;0;0
Noviembre;17;Sevilla;2;2;0;0;0
Noviembre;17;Sevilla;2;2;0;0;0
Noviembre;17;Sevilla;3;3;0;0;0
Noviembre;17;Sevilla;4;4;0;0;0
Noviembre;17;Sevilla;2;2;0;0;0
Noviembre;17;Sevilla;2;2;0;0;0
Noviembre;17;Sevilla;2;2;0;0;0
Noviembre;17;Sevilla;3;2;1;0;0
Noviembre;17;Sevilla;1;1;0;0;0
Noviembre;17;Sevilla;4;4;0;0;0
Noviembre;17;Sevilla;1;1;0;0;0
Noviembre;17;Sevilla;3;3;0;0;0
Noviembre;17;Sevilla;1;1;0;0;0
Noviembre;17;Sevilla;1;1;0;0;0
Noviembre;17;Sevilla;2;2;0;0;0
Noviembre;17;Sevilla;3;3;0;0;0
Noviembre;17;Sevilla;1;1;0;0;0
Noviembre;17;Sevilla;4;4;0;0;0
Noviembre;17;Sevilla;1;1;0;0;0
Noviembre;17;Sevilla;4;4;0;0;0
Noviembre;17;Sevilla;3;3;0;0;0
Noviembre;17;Sevilla;1;1;0;0;0
Noviembre;17;Cadiz;4;4;0;0;0
Noviembre;17;Cadiz;1;1;0;0;0
Noviembre;17;Cadiz;4;3;1;0;0
Noviembre;17;Cadiz;1;1;0;0;0
Noviembre;17;Cadiz;1;1;0;0;0
Noviembre;17;Cadiz;1;1;0;0;0
Noviembre;17;Cadiz;6;6;0;0;0
Noviembre;17;Cadiz;1;1;0;0;0
Noviembre;17;Cadiz;1;1;0;0;0
Noviembre;17;Cadiz;3;3;0;0;0
Noviembre;17;Cadiz;1;1;0;0;0
Noviembre;17;Cadiz;3;2;1;0;0
Noviembre;17;Cadiz;1;1;0;0;0
Noviembre;17;Huelva;4;4;0;0;0
Noviembre;17;Huelva;1;1;0;0;0
Noviembre;17;Huelva;1;1;0;0;0
Noviembre;17;Huelva;2;1;1;0;0
Noviembre;17;Huelva;1;1;0;0;0
Noviembre;17;Huelva;2;2;0;0;0
Noviembre;17;Almeria;3;2;1;0;0
Noviembre;17;Almeria;6;6;0;0;0
Noviembre;17;Almeria;1;1;0;0;0
Noviembre;17;Almeria;5;3;2;0;0
Noviembre;17;Almeria;1;1;0;0;0
Noviembre;17;Almeria;1;1;0;0;0
Noviembre;17;Almeria;1;1;0;0;0
Noviembre;17;Cordoba;3;1;1;1;0
Noviembre;17;Cordoba;2;2;0;0;0
Noviembre;17;Cordoba;2;2;0;0;0
Noviembre;17;Cordoba;1;1;0;0;0
Noviembre;17;Cordoba;2;2;0;0;0
Noviembre;17;Cordoba;1;1;0;0;0
Noviembre;17;Jaen;4;4;0;0;0
Noviembre;17;Jaen;1;1;0;0;0
Noviembre;17;Jaen;7;1;6;0;0
Noviembre;17;Granada;3;0;3;0;0
Noviembre;17;Granada;1;1;0;0;0
Noviembre;17;Granada;6;1;5;0;0
Noviembre;17;Granada;1;1;0;0;0
Noviembre;17;Granada;4;4;0;0;0
Noviembre;17;Granada;1;1;0;0;0
Noviembre;17;Granada;5;5;0;0;0
Noviembre;17;Granada;2;0;2;0;0
Noviembre;17;Granada;2;2;0;0;0
Noviembre;17;Granada;2;2;0;0;0
Noviembre;17;Granada;2;2;0;0;0
Noviembre;17;Granada;8;0;8;0;0
Noviembre;17;Granada;1;0;1;0;0
Noviembre;17;Granada;3;2;1;0;0
Noviembre;17;Granada;3;0;3;0;0
Noviembre;17;Granada;1;1;0;0;0
Noviembre;17;Granada;1;1;0;0;0
Noviembre;17;Malaga;2;2;0;0;0
Noviembre;17;Malaga;1;1;0;0;0
Noviembre;17;Malaga;3;2;1;0;0
Noviembre;18;Sevilla;1;1;0;0;0
Noviembre;18;Sevilla;1;1;0;0;0
Noviembre;18;Sevilla;1;1;0;0;0
Noviembre;18;Sevilla;1;1;0;0;0
Noviembre;18;Sevilla;1;1;0;0;0
Noviembre;18;Sevilla;1;1;0;0;0
Noviembre;18;Sevilla;1;1;0;0;0
Noviembre;18;Sevilla;1;1;0;0;0
Noviembre;18;Sevilla;1;1;0;0;0
Noviembre;18;Sevilla;2;2;0;0;0
Noviembre;18;Sevilla;3;3;0;0;0
Noviembre;18;Sevilla;2;2;0;0;0
Noviembre;18;Sevilla;2;2;0;0;0
Noviembre;18;Sevilla;2;2;0;0;0
Noviembre;18;Sevilla;6;6;0;0;0
Noviembre;18;Sevilla;1;1;0;0;0
Noviembre;18;Sevilla;2;2;0;0;0
Noviembre;18;Sevilla;1;1;0;0;0
Noviembre;18;Sevilla;1;1;0;0;0
Noviembre;18;Sevilla;2;2;0;0;0
Noviembre;18;Sevilla;1;1;0;0;0
Noviembre;18;Sevilla;1;1;0;0;0
Noviembre;18;Sevilla;1;1;0;0;0
Noviembre;18;Sevilla;4;4;0;0;0
Noviembre;18;Sevilla;6;6;0;0;0
Noviembre;18;Sevilla;2;2;0;0;0
Noviembre;18;Sevilla;1;1;0;0;0
Noviembre;18;Sevilla;1;1;0;0;0
Noviembre;18;Sevilla;3;3;0;0;0
Noviembre;18;Sevilla;5;5;0;0;0
Noviembre;18;Sevilla;6;5;1;0;0
Noviembre;18;Sevilla;4;4;0;0;0
Noviembre;18;Sevilla;2;1;1;0;0
Noviembre;18;Sevilla;4;4;0;0;0
Noviembre;18;Sevilla;1;1;0;0;0
Noviembre;18;Sevilla;2;0;2;0;0
Noviembre;18;Sevilla;1;1;0;0;0
Noviembre;18;Sevilla;2;2;0;0;0
Noviembre;18;Sevilla;2;2;0;0;0
Noviembre;18;Sevilla;2;2;0;0;0
Noviembre;18;Sevilla;1;1;0;0;0
Noviembre;18;Sevilla;1;1;0;0;0
Noviembre;18;Sevilla;1;1;0;0;0
Noviembre;18;Sevilla;2;2;0;0;0
Noviembre;18;Sevilla;5;5;0;0;0
Noviembre;18;Sevilla;5;5;0;0;0
Noviembre;18;Sevilla;1;1;0;0;0
Noviembre;18;Sevilla;1;1;0;0;0
Noviembre;18;Sevilla;1;1;0;0;0
Noviembre;18;Sevilla;1;1;0;0;0
Noviembre;18;Sevilla;1;1;0;0;0
Noviembre;18;Sevilla;3;2;1;0;0
Noviembre;18;Sevilla;1;1;0;0;0
Noviembre;18;Sevilla;3;1;2;0;0
Noviembre;18;Sevilla;1;1;0;0;0
Noviembre;18;Almeria;2;1;1;0;0
Noviembre;18;Almeria;2;2;0;0;0
Noviembre;18;Almeria;2;2;0;0;0
Noviembre;18;Almeria;1;1;0;0;0
Noviembre;18;Almeria;1;1;0;0;0
Noviembre;18;Almeria;1;1;0;0;0
Noviembre;18;Almeria;1;1;0;0;0
Noviembre;18;Almeria;2;1;0;1;0
Noviembre;18;Cadiz;2;2;0;0;0
Noviembre;18;Cadiz;1;0;0;0;0
Noviembre;18;Cadiz;1;1;0;0;0
Noviembre;18;Cadiz;3;2;1;0;0
Noviembre;18;Cadiz;3;2;1;0;0
Noviembre;18;Cadiz;3;3;0;0;0
Noviembre;18;Cadiz;1;1;0;0;0
Noviembre;18;Cadiz;1;1;0;0;0
Noviembre;18;Cadiz;2;2;0;0;0
Noviembre;18;Cadiz;1;1;0;0;0
Noviembre;18;Cadiz;5;4;1;0;0
Noviembre;18;Cadiz;1;1;0;0;0
Noviembre;18;Cadiz;2;2;0;0;0
Noviembre;18;Cadiz;1;1;0;0;0
Noviembre;18;Cadiz;1;1;0;0;0
Noviembre;18;Huelva;7;5;0;0;0
Noviembre;18;Huelva;1;1;0;0;0
Noviembre;18;Huelva;1;1;0;0;0
Noviembre;18;Cordoba;1;1;0;0;0
Noviembre;18;Cordoba;2;2;0;0;0
Noviembre;18;Cordoba;2;2;0;0;0
Noviembre;18;Cordoba;4;3;1;0;0
Noviembre;18;Cordoba;1;1;0;0;0
Noviembre;18;Granada;5;1;4;0;0
Noviembre;18;Granada;1;1;0;0;0
Noviembre;18;Granada;1;1;0;0;0
Noviembre;18;Granada;3;3;0;0;0
Noviembre;18;Granada;7;3;4;0;0
Noviembre;18;Granada;10;2;8;0;0
Noviembre;18;Granada;2;2;0;0;0
Noviembre;18;Granada;3;3;0;0;0
Noviembre;18;Granada;2;2;0;0;0
Noviembre;18;Granada;2;2;0;0;0
Noviembre;18;Granada;2;2;0;0;0
Noviembre;18;Granada;2;2;0;0;0
Noviembre;18;Granada;2;0;2;0;0
Noviembre;18;Granada;2;1;1;0;0
Noviembre;18;Granada;1;1;0;0;0
Noviembre;18;Granada;4;1;3;0;0
Noviembre;18;Granada;1;1;0;0;0
Noviembre;18;Granada;2;2;0;0;0
Noviembre;18;Jaen;1;1;0;0;0
Noviembre;18;Jaen;3;0;3;0;0
Noviembre;18;Jaen;1;1;0;0;0
Noviembre;18;Jaen;2;2;0;0;0
Noviembre;18;Jaen;2;1;0;0;0
Noviembre;18;Malaga;1;1;0;0;0
Noviembre;18;Malaga;1;0;1;0;0
Noviembre;19;Sevilla;5;5;0;0;0
Noviembre;19;Sevilla;2;2;0;0;0
Noviembre;19;Sevilla;2;2;0;0;0
Noviembre;19;Sevilla;2;2;0;0;0
Noviembre;19;Sevilla;5;5;0;0;0
Noviembre;19;Sevilla;1;1;0;0;0
Noviembre;19;Sevilla;1;1;0;0;0
Noviembre;19;Sevilla;3;3;0;0;0
Noviembre;19;Sevilla;1;1;0;0;0
Noviembre;19;Sevilla;4;3;1;0;0
Noviembre;19;Sevilla;1;1;0;0;0
Noviembre;19;Sevilla;2;2;0;0;0
Noviembre;19;Sevilla;1;1;0;0;0
Noviembre;19;Sevilla;1;1;0;0;0
Noviembre;19;Sevilla;1;1;0;0;0
Noviembre;19;Sevilla;3;3;0;0;0
Noviembre;19;Sevilla;1;1;0;0;0
Noviembre;19;Sevilla;1;1;0;0;0
Noviembre;19;Sevilla;1;1;0;0;0
Noviembre;19;Sevilla;3;3;0;0;0
Noviembre;19;Sevilla;4;4;0;0;0
Noviembre;19;Sevilla;2;2;0;0;0
Noviembre;19;Sevilla;1;1;0;0;0
Noviembre;19;Granada;1;0;0;0;0
Noviembre;19;Granada;1;1;0;0;0
Noviembre;19;Granada;1;1;0;0;0
Noviembre;19;Granada;2;2;0;0;0
Noviembre;19;Granada;1;1;0;0;0
Noviembre;19;Granada;1;1;0;0;0
Noviembre;19;Granada;1;1;0;0;0
Noviembre;19;Granada;4;0;4;0;0
Noviembre;19;Granada;1;0;1;0;0
Noviembre;19;Granada;1;1;0;0;0
Noviembre;19;Granada;1;1;0;0;0
Noviembre;19;Granada;3;3;0;0;0
Noviembre;19;Granada;2;0;2;0;0
Noviembre;19;Granada;1;1;0;0;0
Noviembre;19;Granada;1;1;0;0;0
Noviembre;19;Granada;1;1;0;0;0
Noviembre;19;Huelva;1;1;0;0;0
Noviembre;19;Huelva;1;1;0;0;0
Noviembre;19;Huelva;1;1;0;0;0
Noviembre;19;Cadiz;1;1;0;0;0
Noviembre;19;Cadiz;2;2;0;0;0
Noviembre;19;Cadiz;1;1;0;0;0
Noviembre;19;Cadiz;3;3;0;0;0
Noviembre;19;Cadiz;2;2;0;0;0
Noviembre;19;Cadiz;1;1;0;0;0
Noviembre;19;Malaga;1;1;0;0;0
Noviembre;19;Almeria;1;1;0;0;0
Noviembre;19;Almeria;1;1;0;0;0
Noviembre;19;Cordoba;2;2;0;0;0
Noviembre;19;Jaen;4;1;3;0;0
Noviembre;19;Jaen;1;1;0;0;0
Noviembre;20;Sevilla;1;1;0;0;0
Noviembre;20;Sevilla;3;3;0;0;0
Noviembre;20;Sevilla;1;1;0;0;0
Noviembre;20;Sevilla;1;1;0;0;0
Noviembre;20;Sevilla;2;2;0;0;0
Noviembre;20;Granada;1;1;0;0;0
Noviembre;20;Jaen;3;0;3;0;0
Noviembre;20;Cadiz;2;2;0;0;0
Noviembre;21;Sevilla;1;1;0;0;0
Noviembre;21;Sevilla;1;1;0;0;0
Noviembre;21;Sevilla;3;2;0;0;0
Noviembre;21;Sevilla;2;2;0;0;0
Noviembre;21;Sevilla;1;1;0;0;0
Noviembre;21;Sevilla;2;2;0;0;0
Noviembre;21;Sevilla;1;1;0;0;0
Noviembre;21;Sevilla;3;3;0;0;0
Noviembre;21;Sevilla;1;1;0;0;0
Noviembre;21;Sevilla;1;1;0;0;0
Noviembre;21;Sevilla;1;1;0;0;0
Noviembre;21;Sevilla;2;2;0;0;0
Noviembre;21;Sevilla;2;2;0;0;0
Noviembre;21;Sevilla;6;6;0;0;0
Noviembre;21;Sevilla;4;4;0;0;0
Noviembre;21;Sevilla;1;1;0;0;0
Noviembre;21;Sevilla;5;5;0;0;0
Noviembre;21;Sevilla;1;1;0;0;0
Noviembre;21;Sevilla;1;1;0;0;0
Noviembre;21;Sevilla;1;1;0;0;0
Noviembre;21;Sevilla;3;3;0;0;0
Noviembre;21;Sevilla;3;3;0;0;0
Noviembre;21;Sevilla;2;2;0;0;0
Noviembre;21;Sevilla;3;3;0;0;0
Noviembre;21;Sevilla;4;4;0;0;0
Noviembre;21;Sevilla;2;2;0;0;0
Noviembre;21;Sevilla;5;5;0;0;0
Noviembre;21;Sevilla;3;2;1;0;0
Noviembre;21;Sevilla;2;2;0;0;0
Noviembre;21;Sevilla;1;1;0;0;0
Noviembre;21;Sevilla;1;1;0;0;0
Noviembre;21;Sevilla;5;5;0;0;0
Noviembre;21;Sevilla;2;2;0;0;0
Noviembre;21;Sevilla;3;3;0;0;0
Noviembre;21;Sevilla;2;2;0;0;0
Noviembre;21;Sevilla;2;2;0;0;0
Noviembre;21;Sevilla;1;1;0;0;0
Noviembre;21;Sevilla;2;2;0;0;0
Noviembre;21;Sevilla;1;1;0;0;0
Noviembre;21;Sevilla;1;1;0;0;0
Noviembre;21;Sevilla;2;2;0;0;0
Noviembre;21;Sevilla;3;3;0;0;0
Noviembre;21;Sevilla;4;2;2;0;0
Noviembre;21;Sevilla;1;1;0;0;0
Noviembre;21;Sevilla;1;1;0;0;0
Noviembre;21;Sevilla;2;1;1;0;0
Noviembre;21;Sevilla;2;2;0;0;0
Noviembre;21;Sevilla;2;2;0;0;0
Noviembre;21;Sevilla;1;1;0;0;0
Noviembre;21;Sevilla;5;4;1;0;0
Noviembre;21;Sevilla;1;1;0;0;0
Noviembre;21;Sevilla;1;1;0;0;0
Noviembre;21;Sevilla;1;1;0;0;0
Noviembre;21;Sevilla;2;2;0;0;0
Noviembre;21;Sevilla;1;1;0;0;0
Noviembre;21;Sevilla;1;1;0;0;0
Noviembre;21;Sevilla;1;1;0;0;0
Noviembre;21;Sevilla;1;1;0;0;0
Noviembre;21;Cadiz;1;0;1;0;0
Noviembre;21;Cadiz;1;1;0;0;0
Noviembre;21;Cadiz;2;1;0;0;0
Noviembre;21;Cadiz;2;1;1;0;0
Noviembre;21;Cadiz;9;9;0;0;0
Noviembre;21;Cadiz;2;2;0;0;0
Noviembre;21;Cadiz;4;3;1;0;0
Noviembre;21;Cadiz;5;5;0;0;0
Noviembre;21;Cadiz;3;3;0;0;0
Noviembre;21;Cadiz;1;1;0;0;0
Noviembre;21;Cadiz;3;3;0;0;0
Noviembre;21;Cadiz;1;1;0;0;0
Noviembre;21;Cadiz;1;1;0;0;0
Noviembre;21;Cadiz;2;2;0;0;0
Noviembre;21;Cadiz;3;3;0;0;0
Noviembre;21;Cadiz;2;2;0;0;0
Noviembre;21;Cadiz;7;5;2;0;0
Noviembre;21;Cadiz;1;1;0;0;0
Noviembre;21;Cadiz;3;0;0;0;0
Noviembre;21;Cadiz;2;1;0;0;0
Noviembre;21;Cadiz;1;1;0;0;0
Noviembre;21;Cadiz;1;1;0;0;0
Noviembre;21;Cadiz;2;2;0;0;0
Noviembre;21;Huelva;3;3;0;0;0
Noviembre;21;Huelva;4;1;3;0;0
Noviembre;21;Huelva;2;2;0;0;0
Noviembre;21;Huelva;1;1;0;0;0
Noviembre;21;Almeria;7;7;0;0;0
Noviembre;21;Almeria;1;1;0;0;0
Noviembre;21;Almeria;2;2;0;0;0
Noviembre;21;Almeria;2;2;0;0;0
Noviembre;21;Almeria;3;3;0;0;0
Noviembre;21;Almeria;2;1;0;1;0
Noviembre;21;Almeria;1;0;1;0;0
Noviembre;21;Almeria;2;1;1;0;0
Noviembre;21;Cordoba;3;3;0;0;0
Noviembre;21;Cordoba;2;1;1;0;0
Noviembre;21;Cordoba;2;1;0;0;0
Noviembre;21;Cordoba;4;2;0;2;0
Noviembre;21;Cordoba;1;1;0;0;0
Noviembre;21;Cordoba;4;3;1;0;0
Noviembre;21;Malaga;1;1;0;0;0
Noviembre;21;Malaga;3;3;0;0;0
Noviembre;21;Malaga;1;1;0;0;0
Noviembre;21;Granada;4;0;4;0;0
Noviembre;21;Granada;1;1;0;0;0
Noviembre;21;Granada;2;2;0;0;0
Noviembre;21;Granada;1;1;0;0;0
Noviembre;21;Granada;6;2;4;0;0
Noviembre;21;Granada;2;0;2;0;0
Noviembre;21;Granada;5;3;2;0;0
Noviembre;21;Granada;1;1;0;0;0
Noviembre;21;Granada;2;2;0;0;0
Noviembre;21;Granada;1;1;0;0;0
Noviembre;21;Granada;1;1;0;0;0
Noviembre;21;Granada;9;1;8;0;0
Noviembre;21;Granada;3;2;1;0;0
Noviembre;21;Granada;3;3;0;0;0
Noviembre;21;Granada;4;1;3;0;0
Noviembre;21;Granada;1;1;0;0;0
Noviembre;21;Granada;2;1;1;0;0
Noviembre;21;Granada;1;1;0;0;0
Noviembre;21;Granada;2;1;1;0;0
Noviembre;21;Jaen;2;1;0;0;0
Noviembre;21;Jaen;4;3;1;0;0
Noviembre;21;Jaen;8;2;6;0;0
Noviembre;21;Jaen;2;2;0;0;0
Noviembre;22;Sevilla;7;6;1;0;0
Noviembre;22;Sevilla;2;2;0;0;0
Noviembre;22;Sevilla;3;3;0;0;0
Noviembre;22;Sevilla;3;3;0;0;0
Noviembre;22;Sevilla;2;1;1;0;0
Noviembre;22;Sevilla;4;4;0;0;0
Noviembre;22;Sevilla;1;1;0;0;0
Noviembre;22;Sevilla;1;1;0;0;0
Noviembre;22;Sevilla;1;1;0;0;0
Noviembre;22;Sevilla;1;1;0;0;0
Noviembre;22;Sevilla;1;1;0;0;0
Noviembre;22;Sevilla;2;2;0;0;0
Noviembre;22;Sevilla;1;1;0;0;0
Noviembre;22;Sevilla;1;1;0;0;0
Noviembre;22;Sevilla;7;7;0;0;0
Noviembre;22;Sevilla;1;1;0;0;0
Noviembre;22;Sevilla;3;3;0;0;0
Noviembre;22;Sevilla;2;2;0;0;0
Noviembre;22;Sevilla;2;2;0;0;0
Noviembre;22;Sevilla;1;1;0;0;0
Noviembre;22;Sevilla;6;5;1;0;0
Noviembre;22;Sevilla;1;1;0;0;0
Noviembre;22;Sevilla;2;1;1;0;0
Noviembre;22;Sevilla;1;1;0;0;0
Noviembre;22;Sevilla;1;1;0;0;0
Noviembre;22;Sevilla;3;2;1;0;0
Noviembre;22;Sevilla;5;3;2;0;0
Noviembre;22;Sevilla;1;1;0;0;0
Noviembre;22;Sevilla;1;1;0;0;0
Noviembre;22;Sevilla;4;3;1;0;0
Noviembre;22;Sevilla;2;2;0;0;0
Noviembre;22;Sevilla;2;2;0;0;0
Noviembre;22;Sevilla;1;1;0;0;0
Noviembre;22;Sevilla;3;2;1;0;0
Noviembre;22;Sevilla;1;1;0;0;0
Noviembre;22;Sevilla;1;1;0;0;0
Noviembre;22;Sevilla;2;1;1;0;0
Noviembre;22;Sevilla;2;2;0;0;0
Noviembre;22;Sevilla;1;1;0;0;0
Noviembre;22;Sevilla;1;1;0;0;0
Noviembre;22;Sevilla;2;1;0;1;0
Noviembre;22;Sevilla;1;1;0;0;0
Noviembre;22;Sevilla;5;5;0;0;0
Noviembre;22;Sevilla;2;2;0;0;0
Noviembre;22;Sevilla;1;1;0;0;0
Noviembre;22;Sevilla;2;2;0;0;0
Noviembre;22;Sevilla;2;2;0;0;0
Noviembre;22;Sevilla;1;1;0;0;0
Noviembre;22;Sevilla;3;3;0;0;0
Noviembre;22;Sevilla;1;1;0;0;0
Noviembre;22;Sevilla;2;2;0;0;0
Noviembre;22;Sevilla;2;2;0;0;0
Noviembre;22;Sevilla;2;2;0;0;0
Noviembre;22;Sevilla;1;1;0;0;0
Noviembre;22;Malaga;1;1;0;0;0
Noviembre;22;Malaga;6;4;0;0;0
Noviembre;22;Malaga;3;1;2;0;0
Noviembre;22;Malaga;2;2;0;0;0
Noviembre;22;Malaga;2;2;0;0;0
Noviembre;22;Almeria;1;1;0;0;0
Noviembre;22;Almeria;4;3;1;0;0
Noviembre;22;Almeria;1;1;0;0;0
Noviembre;22;Almeria;1;1;0;0;0
Noviembre;22;Almeria;1;1;0;0;0
Noviembre;22;Almeria;2;2;0;0;0
Noviembre;22;Almeria;1;1;0;0;0
Noviembre;22;Almeria;1;1;0;0;0
Noviembre;22;Almeria;1;1;0;0;0
Noviembre;22;Almeria;1;1;0;0;0
Noviembre;22;Almeria;2;2;0;0;0
Noviembre;22;Almeria;1;1;0;0;0
Noviembre;22;Granada;3;1;2;0;0
Noviembre;22;Granada;4;0;4;0;0
Noviembre;22;Granada;3;0;3;0;0
Noviembre;22;Granada;5;2;3;0;0
Noviembre;22;Granada;6;4;2;0;0
Noviembre;22;Granada;2;0;2;0;0
Noviembre;22;Granada;2;2;0;0;0
Noviembre;22;Granada;8;0;8;0;0
Noviembre;22;Granada;1;0;1;0;0
Noviembre;22;Granada;4;4;0;0;0
Noviembre;22;Granada;2;2;0;0;0
Noviembre;22;Granada;5;3;2;0;0
Noviembre;22;Granada;2;2;0;0;0
Noviembre;22;Granada;3;0;3;0;0
Noviembre;22;Granada;1;1;0;0;0
Noviembre;22;Granada;1;1;0;0;0
Noviembre;22;Granada;3;3;0;0;0
Noviembre;22;Granada;2;2;0;0;0
Noviembre;22;Cadiz;3;3;0;0;0
Noviembre;22;Cadiz;5;5;0;0;0
Noviembre;22;Cadiz;1;1;0;0;0
Noviembre;22;Cadiz;1;1;0;0;0
Noviembre;22;Cadiz;6;5;1;0;0
Noviembre;22;Cadiz;4;4;0;0;0
Noviembre;22;Cadiz;2;2;0;0;0
Noviembre;22;Cadiz;2;2;0;0;0
Noviembre;22;Cadiz;7;7;0;0;0
Noviembre;22;Cadiz;1;1;0;0;0
Noviembre;22;Cadiz;3;3;0;0;0
Noviembre;22;Cadiz;4;4;0;0;0
Noviembre;22;Cadiz;1;1;0;0;0
Noviembre;22;Cadiz;3;2;1;0;0
Noviembre;22;Cadiz;1;1;0;0;0
Noviembre;22;Cadiz;3;3;0;0;0
Noviembre;22;Cadiz;4;1;2;0;0
Noviembre;22;Cadiz;2;2;0;0;0
Noviembre;22;Cadiz;1;1;0;0;0
Noviembre;22;Cadiz;3;3;0;0;0
Noviembre;22;Cadiz;2;2;0;0;0
Noviembre;22;Cadiz;2;2;0;0;0
Noviembre;22;Cadiz;1;1;0;0;0
Noviembre;22;Cadiz;1;1;0;0;0
Noviembre;22;Cadiz;2;1;0;0;0
Noviembre;22;Cadiz;1;1;0;0;0
Noviembre;22;Cadiz;1;1;0;0;0
Noviembre;22;Cadiz;2;2;0;0;0
Noviembre;22;Cadiz;2;1;0;0;0
Noviembre;22;Cordoba;1;1;0;0;0
Noviembre;22;Cordoba;1;1;0;0;0
Noviembre;22;Cordoba;3;3;0;0;0
Noviembre;22;Cordoba;1;0;1;0;0
Noviembre;22;Jaen;1;1;0;0;0
Noviembre;22;Jaen;3;3;0;0;0
Noviembre;22;Jaen;1;1;0;0;0
Noviembre;22;Jaen;3;0;3;0;0
Noviembre;22;Jaen;1;1;0;0;0
Noviembre;22;Jaen;1;1;0;0;0
Noviembre;22;Huelva;3;3;0;0;0
Noviembre;22;Huelva;2;2;0;0;0
Noviembre;22;Huelva;2;2;0;0;0
Noviembre;22;Huelva;1;1;0;0;0
Noviembre;22;Huelva;3;3;0;0;0
Noviembre;23;Sevilla;3;3;0;0;0
Noviembre;23;Sevilla;3;3;0;0;0
Noviembre;23;Sevilla;1;1;0;0;0
Noviembre;23;Sevilla;2;1;1;0;0
Noviembre;23;Sevilla;2;0;0;0;0
Noviembre;23;Sevilla;1;0;0;0;0
Noviembre;23;Sevilla;1;1;0;0;0
Noviembre;23;Sevilla;3;3;0;0;0
Noviembre;23;Sevilla;2;2;0;0;0
Noviembre;23;Sevilla;1;1;0;0;0
Noviembre;23;Sevilla;2;2;0;0;0
Noviembre;23;Sevilla;1;1;0;0;0
Noviembre;23;Sevilla;4;4;0;0;0
Noviembre;23;Sevilla;2;2;0;0;0
Noviembre;23;Sevilla;1;0;1;0;0
Noviembre;23;Sevilla;1;1;0;0;0
Noviembre;23;Sevilla;1;1;0;0;0
Noviembre;23;Sevilla;4;3;0;0;0
Noviembre;23;Sevilla;1;1;0;0;0
Noviembre;23;Sevilla;3;1;2;0;0
Noviembre;23;Sevilla;1;1;0;0;0
Noviembre;23;Sevilla;2;2;0;0;0
Noviembre;23;Sevilla;6;6;0;0;0
Noviembre;23;Sevilla;1;1;0;0;0
Noviembre;23;Sevilla;1;1;0;0;0
Noviembre;23;Sevilla;1;1;0;0;0
Noviembre;23;Sevilla;8;8;0;0;0
Noviembre;23;Sevilla;3;3;0;0;0
Noviembre;23;Sevilla;2;2;0;0;0
Noviembre;23;Sevilla;2;2;0;0;0
Noviembre;23;Sevilla;1;1;0;0;0
Noviembre;23;Sevilla;3;2;1;0;0
Noviembre;23;Sevilla;3;3;0;0;0
Noviembre;23;Sevilla;2;2;0;0;0
Noviembre;23;Sevilla;1;1;0;0;0
Noviembre;23;Sevilla;1;1;0;0;0
Noviembre;23;Sevilla;1;1;0;0;0
Noviembre;23;Sevilla;3;3;0;0;0
Noviembre;23;Sevilla;1;1;0;0;0
Noviembre;23;Sevilla;4;2;2;0;0
Noviembre;23;Sevilla;4;3;1;0;0
Noviembre;23;Sevilla;1;1;0;0;0
Noviembre;23;Sevilla;1;1;0;0;0
Noviembre;23;Sevilla;2;2;0;0;0
Noviembre;23;Sevilla;3;3;0;0;0
Noviembre;23;Sevilla;1;1;0;0;0
Noviembre;23;Sevilla;3;3;0;0;0
Noviembre;23;Sevilla;5;5;0;0;0
Noviembre;23;Sevilla;1;1;0;0;0
Noviembre;23;Sevilla;1;1;0;0;0
Noviembre;23;Sevilla;1;1;0;0;0
Noviembre;23;Sevilla;1;1;0;0;0
Noviembre;23;Sevilla;2;1;1;0;0
Noviembre;23;Sevilla;1;1;0;0;0
Noviembre;23;Sevilla;3;2;1;0;0
Noviembre;23;Sevilla;2;2;0;0;0
Noviembre;23;Sevilla;1;1;0;0;0
Noviembre;23;Sevilla;1;1;0;0;0
Noviembre;23;Sevilla;2;2;0;0;0
Noviembre;23;Sevilla;2;2;0;0;0
Noviembre;23;Sevilla;2;2;0;0;0
Noviembre;23;Sevilla;2;1;1;0;0
Noviembre;23;Sevilla;1;1;0;0;0
Noviembre;23;Sevilla;1;0;0;0;0
Noviembre;23;Sevilla;1;1;0;0;0
Noviembre;23;Sevilla;1;1;0;0;0
Noviembre;23;Cadiz;2;2;0;0;0
Noviembre;23;Cadiz;2;2;0;0;0
Noviembre;23;Cadiz;4;3;1;0;0
Noviembre;23;Cadiz;1;1;0;0;0
Noviembre;23;Cadiz;1;1;0;0;0
Noviembre;23;Cadiz;2;2;0;0;0
Noviembre;23;Cadiz;2;2;0;0;0
Noviembre;23;Cadiz;1;1;0;0;0
Noviembre;23;Cadiz;1;1;0;0;0
Noviembre;23;Cadiz;2;2;0;0;0
Noviembre;23;Cadiz;1;1;0;0;0
Noviembre;23;Cadiz;2;2;0;0;0
Noviembre;23;Cadiz;2;2;0;0;0
Noviembre;23;Cadiz;1;1;0;0;0
Noviembre;23;Cadiz;1;0;0;0;0
Noviembre;23;Cadiz;7;7;0;0;0
Noviembre;23;Cadiz;1;1;0;0;0
Noviembre;23;Cadiz;2;2;0;0;0
Noviembre;23;Cadiz;1;0;1;0;0
Noviembre;23;Cadiz;2;2;0;0;0
Noviembre;23;Cadiz;1;1;0;0;0
Noviembre;23;Cadiz;3;3;0;0;0
Noviembre;23;Cadiz;2;2;0;0;0
Noviembre;23;Cadiz;2;2;0;0;0
Noviembre;23;Jaen;2;2;0;0;0
Noviembre;23;Jaen;6;6;0;0;0
Noviembre;23;Jaen;4;3;1;0;0
Noviembre;23;Jaen;1;1;0;0;0
Noviembre;23;Jaen;1;1;0;0;0
Noviembre;23;Jaen;7;0;6;0;0
Noviembre;23;Jaen;3;3;0;0;0
Noviembre;23;Jaen;2;2;0;0;0
Noviembre;23;Jaen;1;1;0;0;0
Noviembre;23;Almeria;2;2;0;0;0
Noviembre;23;Almeria;1;1;0;0;0
Noviembre;23;Almeria;1;0;1;0;0
Noviembre;23;Almeria;2;2;0;0;0
Noviembre;23;Almeria;1;1;0;0;0
Noviembre;23;Almeria;1;1;0;0;0
Noviembre;23;Almeria;4;4;0;0;0
Noviembre;23;Almeria;1;1;0;0;0
Noviembre;23;Almeria;1;1;0;0;0
Noviembre;23;Almeria;1;1;0;0;0
Noviembre;23;Almeria;3;3;0;0;0
Noviembre;23;Almeria;1;1;0;0;0
Noviembre;23;Almeria;2;2;0;0;0
Noviembre;23;Almeria;1;1;0;0;0
Noviembre;23;Almeria;2;2;0;0;0
Noviembre;23;Almeria;1;1;0;0;0
Noviembre;23;Almeria;1;1;0;0;0
Noviembre;23;Almeria;1;1;0;0;0
Noviembre;23;Almeria;1;1;0;0;0
Noviembre;23;Cordoba;4;4;0;0;0
Noviembre;23;Cordoba;3;3;0;0;0
Noviembre;23;Cordoba;2;2;0;0;0
Noviembre;23;Cordoba;2;2;0;0;0
Noviembre;23;Cordoba;1;1;0;0;0
Noviembre;23;Cordoba;1;0;1;0;0
Noviembre;23;Huelva;1;1;0;0;0
Noviembre;23;Huelva;2;1;1;0;0
Noviembre;23;Huelva;2;2;0;0;0
Noviembre;23;Huelva;1;1;0;0;0
Noviembre;23;Huelva;1;1;0;0;0
Noviembre;23;Huelva;2;1;1;0;0
Noviembre;23;Granada;12;0;12;0;0
Noviembre;23;Granada;4;0;4;0;0
Noviembre;23;Granada;5;0;3;0;0
Noviembre;23;Granada;3;3;0;0;0
Noviembre;23;Granada;2;2;0;0;0
Noviembre;23;Granada;12;4;0;0;0
Noviembre;23;Granada;3;1;2;0;0
Noviembre;23;Granada;1;1;0;0;0
Noviembre;23;Granada;3;3;0;0;0
Noviembre;23;Granada;6;4;2;0;0
Noviembre;23;Granada;2;1;1;0;0
Noviembre;23;Granada;5;3;2;0;0
Noviembre;23;Granada;3;3;0;0;0
Noviembre;23;Granada;1;1;0;0;0
Noviembre;23;Granada;1;1;0;0;0
Noviembre;23;Granada;4;4;0;0;0
Noviembre;23;Granada;5;2;3;0;0
Noviembre;23;Granada;1;1;0;0;0
Noviembre;23;Granada;1;1;0;0;0
Noviembre;23;Granada;1;1;0;0;0
Noviembre;23;Granada;1;1;0;0;0
Noviembre;23;Granada;1;1;0;0;0
Noviembre;23;Malaga;1;1;0;0;0
Noviembre;23;Malaga;4;2;2;0;0
Noviembre;23;Malaga;1;1;0;0;0
Noviembre;23;Malaga;1;1;0;0;0
Noviembre;23;Malaga;1;1;0;0;0
Noviembre;23;Malaga;4;2;0;0;0
Noviembre;24;Huelva;3;3;0;0;0
Noviembre;24;Huelva;2;2;0;0;0
Noviembre;24;Huelva;3;3;0;0;0
Noviembre;24;Huelva;1;1;0;0;0
Noviembre;24;Huelva;1;1;0;0;0
Noviembre;24;Huelva;1;1;0;0;0
Noviembre;24;Huelva;4;3;1;0;0
Noviembre;24;Almeria;1;1;0;0;0
Noviembre;24;Almeria;1;1;0;0;0
Noviembre;24;Almeria;1;1;0;0;0
Noviembre;24;Almeria;1;1;0;0;0
Noviembre;24;Almeria;1;1;0;0;0
Noviembre;24;Almeria;1;1;0;0;0
Noviembre;24;Almeria;2;2;0;0;0
Noviembre;24;Almeria;1;1;0;0;0
Noviembre;24;Almeria;1;1;0;0;0
Noviembre;24;Almeria;1;1;0;0;0
Noviembre;24;Almeria;1;1;0;0;0
Noviembre;24;Almeria;1;1;0;0;0
Noviembre;24;Almeria;1;1;0;0;0
Noviembre;24;Cordoba;2;1;1;0;0
Noviembre;24;Cordoba;1;1;0;0;0
Noviembre;24;Cordoba;3;1;2;0;0
Noviembre;24;Cordoba;2;2;0;0;0
Noviembre;24;Cordoba;3;2;0;0;0
Noviembre;24;Cordoba;1;1;0;0;0
Noviembre;24;Cordoba;2;2;0;0;0
Noviembre;24;Cordoba;4;3;0;0;0
Noviembre;24;Cordoba;1;1;0;0;0
Noviembre;24;Sevilla;3;3;0;0;0
Noviembre;24;Sevilla;3;3;0;0;0
Noviembre;24;Sevilla;5;5;0;0;0
Noviembre;24;Sevilla;3;3;0;0;0
Noviembre;24;Sevilla;2;2;0;0;0
Noviembre;24;Sevilla;1;1;0;0;0
Noviembre;24;Sevilla;1;0;1;0;0
Noviembre;24;Sevilla;2;2;0;0;0
Noviembre;24;Sevilla;2;2;0;0;0
Noviembre;24;Sevilla;1;1;0;0;0
Noviembre;24;Sevilla;2;1;1;0;0
Noviembre;24;Sevilla;1;1;0;0;0
Noviembre;24;Sevilla;4;4;0;0;0
Noviembre;24;Sevilla;1;1;0;0;0
Noviembre;24;Sevilla;1;1;0;0;0
Noviembre;24;Sevilla;3;2;1;0;0
Noviembre;24;Sevilla;1;1;0;0;0
Noviembre;24;Sevilla;6;5;1;0;0
Noviembre;24;Sevilla;1;1;0;0;0
Noviembre;24;Sevilla;2;2;0;0;0
Noviembre;24;Sevilla;3;3;0;0;0
Noviembre;24;Sevilla;4;4;0;0;0
Noviembre;24;Sevilla;1;1;0;0;0
Noviembre;24;Sevilla;5;5;0;0;0
Noviembre;24;Sevilla;3;3;0;0;0
Noviembre;24;Sevilla;4;4;0;0;0
Noviembre;24;Sevilla;1;1;0;0;0
Noviembre;24;Sevilla;2;2;0;0;0
Noviembre;24;Sevilla;3;2;1;0;0
Noviembre;24;Sevilla;1;1;0;0;0
Noviembre;24;Sevilla;1;1;0;0;0
Noviembre;24;Sevilla;1;1;0;0;0
Noviembre;24;Sevilla;1;1;0;0;0
Noviembre;24;Sevilla;1;0;0;0;0
Noviembre;24;Sevilla;1;1;0;0;0
Noviembre;24;Sevilla;2;2;0;0;0
Noviembre;24;Sevilla;1;1;0;0;0
Noviembre;24;Sevilla;1;1;0;0;0
Noviembre;24;Sevilla;6;0;0;0;0
Noviembre;24;Sevilla;3;3;0;0;0
Noviembre;24;Sevilla;3;3;0;0;0
Noviembre;24;Sevilla;1;0;0;0;0
Noviembre;24;Sevilla;1;1;0;0;0
Noviembre;24;Sevilla;4;4;0;0;0
Noviembre;24;Sevilla;1;1;0;0;0
Noviembre;24;Sevilla;1;0;0;0;0
Noviembre;24;Sevilla;1;1;0;0;0
Noviembre;24;Sevilla;1;1;0;0;0
Noviembre;24;Sevilla;1;0;0;0;0
Noviembre;24;Sevilla;1;1;0;0;0
Noviembre;24;Sevilla;1;1;0;0;0
Noviembre;24;Malaga;2;0;0;0;0
Noviembre;24;Malaga;1;1;0;0;0
Noviembre;24;Malaga;1;0;0;0;0
Noviembre;24;Malaga;4;4;0;0;0
Noviembre;24;Malaga;7;0;0;0;0
Noviembre;24;Malaga;2;1;1;0;0
Noviembre;24;Malaga;2;2;0;0;0
Noviembre;24;Malaga;2;2;0;0;0
Noviembre;24;Cadiz;5;5;0;0;0
Noviembre;24;Cadiz;2;2;0;0;0
Noviembre;24;Cadiz;2;2;0;0;0
Noviembre;24;Cadiz;4;4;0;0;0
Noviembre;24;Cadiz;2;2;0;0;0
Noviembre;24;Cadiz;5;4;1;0;0
Noviembre;24;Cadiz;2;2;0;0;0
Noviembre;24;Cadiz;2;2;0;0;0
Noviembre;24;Cadiz;1;1;0;0;0
Noviembre;24;Cadiz;2;2;0;0;0
Noviembre;24;Cadiz;1;1;0;0;0
Noviembre;24;Cadiz;2;2;0;0;0
Noviembre;24;Cadiz;2;2;0;0;0
Noviembre;24;Cadiz;2;1;0;0;0
Noviembre;24;Cadiz;3;3;0;0;0
Noviembre;24;Cadiz;5;4;1;0;0
Noviembre;24;Cadiz;1;1;0;0;0
Noviembre;24;Cadiz;1;1;0;0;0
Noviembre;24;Cadiz;2;2;0;0;0
Noviembre;24;Cadiz;1;1;0;0;0
Noviembre;24;Cadiz;1;1;0;0;0
Noviembre;24;Cadiz;2;1;1;0;0
Noviembre;24;Cadiz;1;1;0;0;0
Noviembre;24;Cadiz;2;2;0;0;0
Noviembre;24;Granada;4;3;1;0;0
Noviembre;24;Granada;2;2;0;0;0
Noviembre;24;Granada;5;4;1;0;0
Noviembre;24;Granada;4;4;0;0;0
Noviembre;24;Granada;2;2;0;0;0
Noviembre;24;Granada;7;5;0;0;0
Noviembre;24;Granada;1;1;0;0;0
Noviembre;24;Granada;1;1;0;0;0
Noviembre;24;Granada;3;3;0;0;0
Noviembre;24;Granada;7;7;0;0;0
Noviembre;24;Granada;3;3;0;0;0
Noviembre;24;Granada;2;2;0;0;0
Noviembre;24;Granada;4;4;0;0;0
Noviembre;24;Granada;2;2;0;0;0
Noviembre;24;Granada;2;2;0;0;0
Noviembre;24;Granada;3;3;0;0;0
Noviembre;24;Granada;6;4;2;0;0
Noviembre;24;Granada;3;3;0;0;0
Noviembre;24;Granada;8;6;1;0;0
Noviembre;24;Granada;2;2;0;0;0
Noviembre;24;Granada;2;2;0;0;0
Noviembre;24;Granada;1;1;0;0;0
Noviembre;24;Granada;3;2;1;0;0
Noviembre;24;Granada;2;2;0;0;0
Noviembre;24;Jaen;2;2;0;0;0
Noviembre;24;Jaen;1;0;0;0;0
Noviembre;24;Jaen;4;2;0;0;0
Noviembre;24;Jaen;2;2;0;0;0
Noviembre;24;Jaen;1;1;0;0;0
Noviembre;24;Jaen;1;1;0;0;0
Noviembre;24;Jaen;5;0;0;0;0
Noviembre;24;Jaen;1;1;0;0;0
Noviembre;24;Jaen;2;1;1;0;0
Noviembre;24;Jaen;5;0;0;0;0
Noviembre;24;Jaen;1;0;0;0;0
Noviembre;24;Jaen;2;2;0;0;0
